round,agent_id,metric,value,global_best_loss,t_train,t_delta,t_gossip,t_eval
0,2,loss,4.395326850891113,inf,52.68753691599704,0.002052875002846122,7.441709749400616e-05,76.82629737514071
0,1,loss,4.57364294052124,4.395326850891113,52.05217354209162,0.0027860000263899565,0.0001230419147759676,93.10060662496835
0,0,loss,8.680838176727296,4.395326850891113,53.828979457961395,0.0018652500584721565,4.449998959898949e-05,93.2160751670599
0,4,loss,4.157173412322998,4.395326850891113,54.40420016692951,0.001199999824166298,3.624986857175827e-05,93.48404937516898
0,3,loss,3.082427967071533,4.157173412322998,53.26024574995972,0.0013996660709381104,3.374996595084667e-05,93.62582333409227
1,1,loss,1.0550269985198975,3.082427967071533,18.50422512483783,0.0037842500023543835,0.00037366687320172787,46.43927729106508
1,3,loss,2.4199641189575196,1.0550269985198975,19.116085084155202,0.010937249986454844,0.0006088751833885908,46.444454834097996
1,0,loss,2.108013494491577,1.0550269985198975,20.349921750137582,0.0016887499950826168,5.350005812942982e-05,46.444573665969074
1,4,loss,1.7521422443389894,1.0550269985198975,19.689743333961815,0.0010893328581005335,2.6332912966609e-05,46.44546950003132
1,2,loss,1.346319299697876,1.0550269985198975,20.949116041883826,0.0011910421308130026,3.0499882996082306e-05,46.44594216695987
2,1,loss,1.1114382858276368,1.0550269985198975,16.92273737490177,0.002636499935761094,0.0002227090299129486,44.529983500018716
2,4,loss,1.2780376443862915,1.0550269985198975,18.671648083021864,0.0016821250319480896,3.741704858839512e-05,44.68781670811586
2,3,loss,1.0394361543655395,1.0550269985198975,19.27721683285199,0.0011229999363422394,2.7125002816319466e-05,45.70180774992332
2,0,loss,1.8234415473937988,1.0394361543655395,18.102964041987434,0.001538249896839261,3.420887514948845e-05,45.703044957946986
2,2,loss,0.486990752696991,1.0394361543655395,17.532051041023806,0.0015308749862015247,8.608284406363964e-05,45.70311070908792
3,4,loss,0.8006848592758179,0.486990752696991,16.69375029206276,0.002980249933898449,0.00017754104919731617,45.132796624908224
3,0,loss,0.731579529762268,0.486990752696991,18.57366858306341,0.016161374980583787,5.52500132471323e-05,45.23976179212332
3,2,loss,0.3844442598819733,0.486990752696991,18.576479041017592,0.013430791907012463,4.549999721348286e-05,45.96113987499848
3,1,loss,0.46059711813926696,0.3844442598819733,17.37787445797585,0.04560787486843765,0.00015354203060269356,46.71325804106891
3,3,loss,0.29949910163879395,0.3844442598819733,19.16143724997528,0.0013545840047299862,2.5916146114468575e-05,46.714093666989356
4,2,loss,0.23415868926048278,0.29949910163879395,18.88339745788835,0.002346083987504244,4.270905628800392e-05,45.312047000043094
4,4,loss,0.4322517611980438,0.23415868926048278,17.74647383298725,0.03114412515424192,9.583402425050735e-05,45.33461287501268
4,3,loss,0.3001133277416229,0.23415868926048278,17.186748374952003,0.020820500096306205,8.52921511977911e-05,45.78794295806438
4,0,loss,0.2730501046180725,0.23415868926048278,18.88386245816946,0.0020144579466432333,1.0667135939002037e-05,45.79037858406082
4,1,loss,0.31328730964660645,0.23415868926048278,16.532640166115016,0.003283000085502863,0.00013216701336205006,45.78947437508032
5,4,loss,0.27440787625312807,0.23415868926048278,17.4531965830829,0.0035802910570055246,0.00031075021252036095,46.95477249985561
5,3,loss,0.268704470872879,0.23415868926048278,18.08570041693747,0.39512658305466175,0.00014295801520347595,47.02433154103346
5,0,loss,0.3004788546562195,0.23415868926048278,19.900599000044167,0.0011672500986605883,3.929203376173973e-05,47.115745292045176
5,1,loss,0.2599662044048309,0.23415868926048278,19.31836699997075,0.001082541886717081,4.0833139792084694e-05,47.13895725016482
5,2,loss,0.20380878829956053,0.23415868926048278,19.098058833973482,0.18035595794208348,0.00013366597704589367,47.14804350002669
6,2,loss,0.23088568329811096,0.20380878829956053,19.65759479207918,0.12257754197344184,9.966688230633736e-05,47.06200412497856
6,1,loss,0.2365633246898651,0.20380878829956053,19.598085291916505,0.040071249939501286,0.00022649997845292091,47.08012899989262
6,3,loss,0.2090256623029709,0.20380878829956053,19.83294729096815,0.14035720797255635,7.695797830820084e-05,47.094451416051015
6,0,loss,0.19252812814712525,0.20380878829956053,20.752619249979034,0.0012182500213384628,3.0375085771083832e-05,47.64505229215138
6,4,loss,0.18482864832878113,0.19252812814712525,20.162669875193387,0.0011730000842362642,2.8209062293171883e-05,47.646996167022735
7,4,loss,0.36381917667388913,0.18482864832878113,18.996567624853924,0.001491541974246502,3.624986857175827e-05,44.69266783306375
7,2,loss,0.21095197188854217,0.18482864832878113,18.408189083915204,0.0011315830051898956,6.979191675782204e-05,45.49045291612856
7,1,loss,0.15260472929477692,0.18482864832878113,18.28504383401014,0.02832329203374684,8.562486618757248e-05,45.49115320807323
7,3,loss,0.17672728741168975,0.15260472929477692,16.604591750074178,0.004508834099397063,0.0001844591461122036,45.91731483396143
7,0,loss,0.1385943044424057,0.15260472929477692,17.818879375001416,0.07928354199975729,8.645793423056602e-05,45.918028791900724
8,4,loss,0.2798718357086182,0.1385943044424057,17.83991100010462,0.08191679092124104,7.475004531443119e-05,47.082599790999666
8,0,loss,0.14696752524375917,0.1385943044424057,18.96419154200703,0.001312208827584982,8.312496356666088e-05,47.08662445889786
8,1,loss,0.17378155076503754,0.1385943044424057,19.561541458126158,0.0013126248959451914,3.5082921385765076e-05,47.09062166698277
8,2,loss,0.15016430258750915,0.1385943044424057,17.72448950004764,0.06106525007635355,0.0002401249948889017,47.10097500006668
8,3,loss,0.15079547381401062,0.1385943044424057,18.349238541908562,0.0011659171432256699,3.179209306836128e-05,47.10241166688502
9,1,loss,0.14869948875904082,0.1385943044424057,17.914876291994005,0.013665959006175399,0.0002229579258710146,46.038267167052254
9,3,loss,0.15072390925884246,0.1385943044424057,19.09222716698423,0.004461625125259161,7.591699250042439e-05,46.037786290980875
9,0,loss,0.12656918919086457,0.1385943044424057,19.714441707823426,0.0012122499756515026,4.474981687963009e-05,46.039023416116834
9,2,loss,0.1585487744808197,0.12656918919086457,20.32745199999772,0.0011872921604663134,3.033294342458248e-05,46.040063665946946
9,4,loss,0.16383434522151946,0.12656918919086457,18.494511417113245,0.0015460420399904251,6.716698408126831e-05,46.04118704213761
10,4,loss,0.15375275468826294,0.12656918919086457,16.519156457856297,0.38754191691987216,0.00029737502336502075,45.3802361250855
10,2,loss,0.14566418504714965,0.12656918919086457,18.813556333072484,0.002420417033135891,3.900006413459778e-05,45.44722754112445
10,3,loss,0.14702312529087067,0.12656918919086457,17.656078750034794,0.0016719999257475138,2.7207890525460243e-05,46.247644416987896
10,0,loss,0.1404317146539688,0.12656918919086457,17.285596332978457,0.04914212506264448,9.170896373689175e-05,46.24936025007628
10,1,loss,0.13699403750896455,0.12656918919086457,18.817193667171523,0.0009164160583168268,4.3625012040138245e-05,46.251715374877676
11,1,loss,0.14370385313034056,0.12656918919086457,17.12426474993117,0.0015382091514766216,4.024989902973175e-05,46.26215120800771
11,4,loss,0.14823459374904632,0.12656918919086457,18.306569665903226,0.0013450419064611197,5.591707304120064e-05,46.352234582882375
11,0,loss,0.11733016383647919,0.12656918919086457,18.887787458952516,0.0011609999928623438,2.7833040803670883e-05,46.35308854212053
11,2,loss,0.12017295968532563,0.11733016383647919,16.49651849991642,0.002366625005379319,0.00011599995195865631,47.15130675002001
11,3,loss,0.11913240301609039,0.11733016383647919,18.117583707906306,0.14908362505957484,7.27078877389431e-05,47.15151625010185
12,2,loss,0.1281060415506363,0.11733016383647919,18.96853758394718,0.0012222498189657927,3.008381463587284e-05,43.98061566706747
12,4,loss,0.10651505279541015,0.11733016383647919,16.871468416182324,0.07477220892906189,0.0002671252004802227,44.93203566619195
12,1,loss,0.10454837137460708,0.10651505279541015,17.20452095894143,0.002377584110945463,6.55842013657093e-05,45.600482458947226
12,3,loss,0.11304417759180069,0.10454837137460708,18.373217874905095,0.0013916250318288803,6.991694681346416e-05,45.603510834043846
12,0,loss,0.1104336765408516,0.10454837137460708,18.044720915844664,0.047512165969237685,8.65831971168518e-05,45.60387412505224
13,4,loss,0.12073447120189666,0.10454837137460708,16.340899457922205,0.013001790968701243,0.0004987078718841076,47.09376920899376
13,3,loss,0.10133167278766632,0.10454837137460708,18.725542291998863,0.0012035421095788479,0.00010704202577471733,47.19284491590224
13,1,loss,0.09342642062902451,0.10133167278766632,19.37128850002773,0.001134917140007019,4.154210910201073e-05,47.19396341708489
13,2,loss,0.09954353559017182,0.09342642062902451,18.130936541827396,0.0013683331198990345,3.63329891115427e-05,47.23955062497407
13,0,loss,0.10234639710187912,0.09342642062902451,16.943499458022416,0.0013276671525090933,5.8582983911037445e-05,47.27328804205172
14,0,loss,0.11884611183404922,0.09342642062902451,20.4600939580705,0.0010557081550359726,2.7708010748028755e-05,46.72064850013703
14,3,loss,0.09200970703363419,0.09342642062902451,19.853110750205815,0.00149508286267519,2.945796586573124e-05,46.93532937485725
14,4,loss,0.14349383962154388,0.09200970703363419,19.330622917041183,0.08144829096272588,0.00016420800238847733,47.80577129102312
14,1,loss,0.08600473719835282,0.09200970703363419,18.02717220899649,0.003387667005881667,0.0002388330176472664,47.80774033302441
14,2,loss,0.08579838877916336,0.08600473719835282,19.852495084051043,0.001847167033702135,3.854092210531235e-05,48.17094504204579
15,0,loss,0.11516597628593445,0.08579838877916336,17.892011375166476,0.0017048330046236515,3.6167213693261147e-05,43.11657370906323
15,1,loss,0.07950227224826813,0.08579838877916336,19.057705292012542,0.0011772499419748783,4.7999899834394455e-05,44.979456041008234
15,4,loss,0.08798471665382385,0.07950227224826813,17.617331916000694,0.10479300003498793,0.000137584051117301,44.97902166703716
15,2,loss,0.0799874678850174,0.07950227224826813,18.476671333191916,0.001101332949474454,2.8999987989664078e-05,45.7803887501359
15,3,loss,0.08432666462659835,0.07950227224826813,16.69405004195869,0.0033264581579715014,0.00015812483616173267,45.780070499982685
16,4,loss,0.07553646987676621,0.07950227224826813,18.2229348749388,0.0010620418470352888,3.150012344121933e-05,43.047322833910584
16,1,loss,0.07559446376562119,0.07553646987676621,19.42173658288084,0.0015519580338150263,3.7125078961253166e-05,44.32372941612266
16,0,loss,0.07619141054153443,0.07553646987676621,18.83889687503688,0.11217670910991728,0.00013541686348617077,44.32329500000924
16,2,loss,0.07543963140249252,0.07553646987676621,17.992003082996234,0.02533191698603332,9.012501686811447e-05,45.21111849998124
16,3,loss,0.07343566244840621,0.07543963140249252,17.222625540802255,0.08233829215168953,0.0001757082063704729,45.58495212486014
17,1,loss,0.07257076466083527,0.07343566244840621,19.000616292003542,0.003238457953557372,5.88749535381794e-05,45.48043195810169
17,4,loss,0.07008351343870163,0.07257076466083527,18.40563904098235,0.012389709008857608,6.466591730713844e-05,46.57848112494685
17,0,loss,0.0640127147436142,0.07008351343870163,20.17826920817606,0.0034224579576402903,3.162515349686146e-05,46.66418854193762
17,3,loss,0.06898941004276275,0.0640127147436142,20.18149683298543,0.0010997499339282513,1.8666964024305344e-05,46.73841587500647
17,2,loss,0.0643362808227539,0.0640127147436142,17.805117249954492,0.003265208099037409,0.00034770905040204525,46.96041833399795
18,0,loss,0.06240733194351196,0.0640127147436142,19.10731720807962,0.025263624964281917,0.00010012486018240452,45.64590483321808
18,2,loss,0.06118684273958206,0.06240733194351196,20.429615792119876,0.001434125006198883,9.291106835007668e-06,45.653443000046536
18,4,loss,0.06394362193346023,0.06118684273958206,20.429120916873217,0.0018688328564167023,1.6707926988601685e-05,45.68859433289617
18,1,loss,0.0629439867734909,0.06118684273958206,19.069949875120074,0.061190583975985646,0.00015949993394315243,46.05014262511395
18,3,loss,0.061307083547115324,0.06118684273958206,20.42435991601087,0.00556725007481873,5.2999937906861305e-05,46.05058716703206
19,0,loss,0.05889316523075104,0.06118684273958206,16.304213166004047,0.048344166949391365,0.00023941602557897568,45.26961483294144
19,2,loss,0.0662940348982811,0.05889316523075104,18.726358792046085,0.0012060420121997595,3.004097379744053e-05,45.271458291914314
19,3,loss,0.07370409661531449,0.05889316523075104,18.103642374975607,0.0011056659277528524,3.716698847711086e-05,45.27206391701475
19,1,loss,0.07281865006685256,0.05889316523075104,17.14314345899038,0.3607880831696093,6.504193879663944e-05,45.272252541966736
19,4,loss,0.05576652801036835,0.05889316523075104,17.50690224999562,0.0015711670275777578,6.65830448269844e-05,45.2719134578947
