round,ground_truth,agent0_pred,agent1_pred,hedge0,hedge1,fused_B0_pred,acc_B0,fused_M1_pred,acc_M1,cos_sim_beliefs
0,7,7,7,0.5,0.5,7,1,7,1,0.998027205
1,6,6,6,0.49878788,0.50121212,6,1,6,1,0.915026963
2,11,11,15,0.508450806,0.491549194,11,1,11,1,0.051064011
3,14,14,14,0.551409364,0.448590666,14,1,14,1,0.789334178
4,0,0,0,0.542805791,0.457194209,0,1,0,1,0.999999404
5,26,26,26,0.542767704,0.457232296,26,1,26,1,0.999999464
6,15,15,16,0.542754233,0.457245767,15,1,15,1,0.178793281
7,13,13,13,0.571282089,0.428717881,13,1,13,1,0.976680815
8,9,5,9,0.576312721,0.423687279,9,1,9,1,0.528523743
9,27,27,14,0.562756121,0.437243879,14,0,14,0,0.243262991
10,8,26,8,0.614190817,0.385809183,26,0,26,0,0.03306656
11,23,6,23,0.571681798,0.428318232,6,0,6,0,0.005432928
12,11,11,13,0.492845416,0.507154584,11,1,13,0,0.275423735
13,0,0,0,0.514578104,0.485421926,0,1,0,1,0.999999702
14,20,20,20,0.514547586,0.485452414,20,1,20,1,0.770464838
15,7,7,7,0.527110755,0.472889245,7,1,7,1,0.852652431
16,27,27,27,0.537556946,0.462443024,27,1,9,0,0.819862843
17,24,24,25,0.547138572,0.452861398,24,1,24,1,0.349698931
18,24,24,24,0.566644251,0.433355719,24,1,24,1,0.711355448
19,17,1,17,0.580563009,0.419436991,1,0,17,1,0.128326401
20,10,10,21,0.566249192,0.433750808,10,1,10,1,0.000845011
21,25,25,22,0.655163586,0.344836414,25,1,25,1,0.581194222
22,27,14,8,0.664709985,0.335290015,14,0,14,0,0.041538294
23,6,2,6,0.647628784,0.352371186,6,1,6,1,0.257680744
24,9,9,9,0.627007961,0.372992009,9,1,9,1,0.981763959
25,19,19,19,0.625570059,0.374429971,19,1,19,1,0.878711224
26,6,6,6,0.633251846,0.366748184,6,1,6,1,0.935766757
27,27,14,7,0.629777789,0.370222211,27,1,14,0,0.151185662
28,14,14,14,0.644435823,0.355564147,14,1,14,1,0.920284986
29,11,11,11,0.640108049,0.359891951,11,1,11,1,0.746549845
30,5,5,5,0.649187446,0.350812554,5,1,5,1,0.996684909
31,0,0,0,0.648159444,0.351840585,0,1,0,1,0.99999994
32,1,1,1,0.648154438,0.351845562,1,1,1,1,0.999802589
33,15,15,15,0.648716688,0.351283282,15,1,15,1,0.919745684
34,3,6,3,0.644576907,0.355423063,6,0,6,0,0.667149961
35,24,24,24,0.637767732,0.362232268,24,1,24,1,0.990787864
36,12,12,12,0.642013252,0.357986748,12,1,12,1,0.501435339
37,7,7,7,0.621634066,0.378365934,7,1,7,1,0.997979581
38,22,22,19,0.622428358,0.377571672,22,1,19,0,0.466001689
39,7,5,7,0.642838657,0.357161313,5,0,5,0,0.009171887
40,8,8,8,0.586497247,0.413502753,8,1,8,1,0.971578181
41,1,1,1,0.581587315,0.418412685,1,1,9,0,0.888205409
42,25,18,25,0.574020863,0.425979167,18,0,18,0,0.277109295
43,1,1,1,0.564075828,0.435924143,1,1,1,1,0.972694457
44,8,26,8,0.563530147,0.436469853,8,1,8,1,0.228053808
45,24,24,24,0.536239684,0.463760316,24,1,24,1,0.99911952
46,17,17,9,0.536803722,0.463196278,17,1,9,0,0.044889417
47,15,15,15,0.585606456,0.414393514,15,1,15,1,0.990749717
48,14,14,14,0.584641159,0.415358812,14,1,14,1,0.999828696
49,8,8,8,0.584398508,0.415601492,8,1,8,1,0.999976099
50,2,2,2,0.584243059,0.415756971,2,1,2,1,0.992838502
51,4,4,13,0.583058059,0.416941971,4,1,13,0,0.609540582
52,21,21,24,0.599043608,0.400956422,21,1,21,1,0.367094606
53,26,8,26,0.620378613,0.379621387,8,0,8,0,0.047916062
54,20,20,15,0.571297169,0.428702831,20,1,20,1,0.581806064
55,27,14,27,0.587688446,0.412311524,27,1,17,0,0.188182116
56,8,8,8,0.507848501,0.492151469,8,1,8,1,0.974621773
57,6,6,6,0.50329113,0.49670887,6,1,6,1,0.925241709
58,14,14,1,0.509812415,0.490187615,14,1,14,1,0.246673718
59,0,0,0,0.535420835,0.464579135,0,1,0,1,0.999903619
60,6,6,6,0.535178721,0.464821309,6,1,6,1,0.934291422
61,26,26,26,0.532251894,0.467748106,26,1,26,1,0.999999523
62,7,17,7,0.532236993,0.467762977,7,1,7,1,0.602656186
63,3,3,10,0.527745247,0.472254783,3,1,10,0,0.02872568
64,7,7,27,0.58405906,0.41594097,7,1,7,1,0.026718697
65,5,5,5,0.65364778,0.34635222,5,1,5,1,0.797465205
66,15,15,15,0.660112679,0.339887351,15,1,15,1,0.896264613
67,4,13,13,0.655066311,0.344933689,13,0,13,0,0.986242652
68,16,12,21,0.607070029,0.392929941,12,0,12,0,0.252962857
69,1,5,1,0.626636326,0.373363674,1,1,1,1,0.393120795
70,7,7,26,0.60580492,0.39419508,7,1,7,1,0.248893589
71,0,0,0,0.629074931,0.370925099,0,1,0,1,0.999992728
72,1,5,1,0.628977418,0.371022582,5,0,5,0,0.062606148
73,13,10,20,0.593748987,0.406250983,10,0,10,0,0.126983747
74,21,21,21,0.632995248,0.367004722,21,1,21,1,0.999966085
75,15,15,15,0.63317734,0.36682263,15,1,15,1,0.998996913
76,5,5,5,0.634303272,0.365696728,5,1,5,1,0.979585826
77,22,22,25,0.631629825,0.368370146,22,1,25,0,0.009809922
78,4,4,4,0.696559727,0.303440273,4,1,4,1,0.998036861
79,26,26,26,0.696187317,0.303812683,26,1,26,1,0.999991357
80,0,0,0,0.696313262,0.303686738,0,1,0,1,0.999494433
81,4,4,4,0.696262658,0.303737342,4,1,4,1,0.988554478
82,5,7,1,0.694459498,0.305540502,1,0,7,0,0.222220063
83,1,5,1,0.686749995,0.313249975,5,0,1,1,0.094081245
84,15,15,15,0.65594393,0.34405607,15,1,15,1,0.997704923
85,21,21,21,0.654086053,0.345913947,21,1,21,1,0.972059369
86,0,0,0,0.65685904,0.34314096,0,1,0,1,0.999998927
87,20,20,15,0.656814039,0.343185961,20,1,20,1,0.064947806
88,16,16,16,0.691925466,0.308074534,16,1,16,1,0.999987721
89,16,16,16,0.691959858,0.308040172,16,1,22,0,0.589337587
90,22,18,25,0.689652324,0.310347676,18,0,18,0,0.108022541
91,1,5,22,0.66506654,0.33493343,5,0,19,0,0.173427343
92,17,14,14,0.652712703,0.347287297,14,0,14,0,0.932276428
93,6,6,6,0.687360108,0.312639892,6,1,6,1,0.906894505
94,4,3,4,0.687078059,0.312921971,4,1,4,1,0.122337386
95,16,16,25,0.654722333,0.345277667,16,1,25,0,0.381605595
96,27,27,27,0.675195217,0.324804783,27,1,27,1,0.999767244
97,7,7,7,0.675112963,0.324887007,7,1,7,1,0.999957323
98,6,3,11,0.675133884,0.324866116,3,0,11,0,0.349065632
99,27,1,27,0.680445611,0.319554389,1,0,1,0,0.150805384
100,27,9,27,0.651273131,0.348726839,27,1,27,1,0.752656758
101,25,25,25,0.643851757,0.356148243,25,1,25,1,0.973203063
102,6,3,3,0.648116589,0.351883411,3,0,6,1,0.894737899
103,21,21,21,0.650530517,0.349469483,21,1,21,1,0.99929136
104,5,5,5,0.65000701,0.349992961,5,1,5,1,0.980668247
105,4,4,20,0.646474838,0.353525192,4,1,4,1,0.045058858
106,18,18,1,0.691995263,0.308004737,18,1,19,0,0.29025799
107,2,2,2,0.696057916,0.303942055,2,1,2,1,0.989366889
108,16,16,16,0.692286491,0.307713538,16,1,16,1,0.976349115
109,27,17,14,0.694925189,0.305074781,14,0,17,0,0.633535326
110,15,15,15,0.693047345,0.306952655,15,1,15,1,0.99990505
111,1,1,1,0.693350554,0.306649446,1,1,1,1,0.998882771
112,6,6,3,0.694154739,0.305845261,6,1,6,1,0.648923218
113,19,19,19,0.701927602,0.298072368,19,1,19,1,0.991961777
114,16,0,16,0.703938305,0.296061695,16,1,5,0,0.058039896
115,9,9,9,0.662133157,0.337866843,9,1,9,1,0.895647764
116,14,27,14,0.666423738,0.333576292,27,0,14,1,0.145696431
117,27,8,27,0.623037636,0.376962334,27,1,27,1,0.487855762
118,17,17,9,0.614148557,0.385851413,17,1,17,1,0.200471446
119,3,3,3,0.639694631,0.360305369,3,1,3,1,0.961695552
120,2,2,2,0.644489467,0.355510503,2,1,2,1,0.996094346
121,27,17,27,0.644503355,0.355496615,17,0,17,0,0.280782938
122,0,0,0,0.612030685,0.387969285,0,1,0,1,0.999988139
123,9,27,9,0.611952722,0.388047278,9,1,9,1,0.819794357
124,25,25,25,0.605185986,0.394813985,25,1,25,1,0.814016461
125,8,8,8,0.611821175,0.388178825,8,1,8,1,0.954547763
126,12,12,12,0.606960773,0.393039227,12,1,12,1,0.781809151
127,26,26,26,0.597414672,0.402585298,26,1,26,1,0.976455092
128,7,0,27,0.602351069,0.397648901,0,0,0,0,0.129898444
129,0,0,0,0.595838368,0.404161632,0,1,0,1,0.999894261
130,25,25,25,0.5955984,0.40440163,25,1,25,1,0.90429008
131,26,26,26,0.600960135,0.399039865,26,1,26,1,0.999999464
132,17,0,9,0.600923479,0.399076521,0,0,0,0,0.03785437
133,2,21,2,0.531833708,0.468166262,2,1,2,1,0.0151072
134,9,5,9,0.471976519,0.528023481,9,1,9,1,0.14590317
135,5,26,1,0.428605527,0.571394444,26,0,1,0,0.082824357
136,3,3,1,0.428825349,0.571174622,3,1,1,0,0.057503689
137,25,25,19,0.469846487,0.530153513,25,1,25,1,0.179022878
138,7,5,7,0.501801729,0.498198241,7,1,7,1,0.361605167
139,21,21,6,0.480309665,0.519690335,21,1,21,1,0.210238233
140,14,14,14,0.503939986,0.496060044,14,1,14,1,0.995107114
141,9,9,9,0.504300117,0.495699912,9,1,9,1,0.572145879
142,2,2,2,0.487768173,0.512231827,2,1,2,1,0.969814599
143,19,19,19,0.492028564,0.507971406,19,1,19,1,0.622001767
144,4,4,13,0.477706581,0.522293389,13,0,13,0,0.250549585
145,14,14,14,0.526058257,0.473941714,14,1,14,1,0.99529165
146,7,7,7,0.525104046,0.474895924,7,1,7,1,0.956353903
147,3,3,15,0.520323098,0.479676872,3,1,15,0,0.007193355
148,7,7,8,0.581116199,0.418883801,8,0,8,0,0.249064162
149,12,12,12,0.599024117,0.400975883,12,1,12,1,0.946974456
150,4,4,13,0.594883502,0.405116528,4,1,4,1,0.215671197
151,10,10,24,0.617877245,0.382122755,10,1,10,1,0.21590817
152,10,10,24,0.638299048,0.361700922,10,1,10,1,0.562070489
153,26,26,26,0.655724585,0.344275445,26,1,26,1,0.994450986
154,15,11,15,0.657661557,0.342338473,11,0,11,0,0.196401596
155,7,8,17,0.615886509,0.384113491,8,0,8,0,0.121648766
156,21,9,21,0.62308985,0.37691015,21,1,21,1,0.40137738
157,5,5,5,0.604818046,0.395181954,5,1,5,1,0.984737337
158,25,25,25,0.601221979,0.398777992,25,1,25,1,0.991773248
159,11,21,11,0.602746069,0.397253931,11,1,11,1,0.314666629
160,18,18,25,0.586435854,0.413564175,18,1,25,0,0.467066824
161,12,5,12,0.582159519,0.417840481,12,1,12,1,0.561180651
162,24,24,24,0.567075133,0.432924837,24,1,24,1,0.918336272
163,21,21,21,0.571867168,0.428132802,21,1,21,1,0.999946535
164,0,0,0,0.571806848,0.428193152,0,1,0,1,0.998167574
165,17,17,9,0.570946753,0.429053247,17,1,17,1,0.639497221
166,24,24,25,0.582009375,0.417990625,24,1,25,0,0.06890776
167,15,15,15,0.618565738,0.381434232,15,1,15,1,0.999774814
168,5,1,1,0.618255794,0.381744206,1,0,1,0,0.775797367
169,1,5,1,0.656078577,0.343921453,1,1,1,1,0.622021198
170,10,10,10,0.64502871,0.354971319,10,1,10,1,0.999807537
171,14,14,14,0.645287693,0.354712307,14,1,14,1,0.820829988
172,14,14,14,0.639791131,0.360208899,14,1,14,1,0.93376106
173,14,14,14,0.636605203,0.363394827,14,1,14,1,0.994086385
174,22,2,16,0.635649383,0.364350647,16,0,22,1,0.019761259
175,24,24,25,0.679930627,0.320069402,24,1,25,0,0.208710179
176,13,13,11,0.699481547,0.300518483,13,1,13,1,0.22874403
177,1,14,1,0.717559278,0.282440752,14,0,14,0,0.010854348
178,4,4,4,0.661231041,0.338768989,4,1,4,1,0.83015126
179,6,6,6,0.667795539,0.332204461,6,1,6,1,0.989696383
180,5,5,5,0.670083463,0.329916537,5,1,5,1,0.903211474
181,0,0,0,0.663151801,0.336848199,0,1,0,1,0.999420881
182,4,4,4,0.662200868,0.337799102,4,1,4,1,0.999996722
183,8,8,8,0.662213981,0.337786019,8,1,8,1,0.996720552
184,2,23,2,0.660953641,0.339046359,23,0,2,1,0.017512323
185,15,15,15,0.610333741,0.389666229,15,1,15,1,0.996469617
186,3,3,15,0.612206578,0.387793422,3,1,3,1,0.027183831
187,15,15,15,0.659264386,0.340735614,15,1,15,1,0.999721467
188,9,9,9,0.659765601,0.340234399,9,1,9,1,0.777447641
189,24,24,10,0.65212059,0.34787941,24,1,24,1,0.497638881
190,6,4,4,0.664813459,0.335186541,4,0,4,0,0.783455789
191,10,10,10,0.692374587,0.307625413,10,1,10,1,0.999996424
192,19,19,19,0.692409515,0.307590485,19,1,19,1,0.697683871
193,5,19,5,0.704137862,0.295862108,19,0,5,1,0.10006053
194,15,15,15,0.677775621,0.322224349,15,1,15,1,0.964700699
195,17,17,17,0.679140449,0.320859551,17,1,17,1,0.990544975
196,21,21,21,0.679874539,0.32012549,21,1,21,1,0.99990803
197,7,26,7,0.679622948,0.320377082,26,0,7,1,0.137108594
198,21,21,21,0.661212742,0.338787258,21,1,21,1,0.999844313
199,21,21,21,0.66155982,0.33844021,21,1,21,1,0.776836038
200,7,7,7,0.655602932,0.344397098,7,1,7,1,0.938902378
201,25,25,25,0.658248067,0.341751963,25,1,25,1,0.75826025
202,14,14,14,0.669227004,0.330772996,14,1,14,1,0.993787706
203,23,23,19,0.670366347,0.329633623,23,1,18,0,0.345598966
204,20,3,3,0.692460895,0.307539105,3,0,3,0,0.898316801
205,24,24,24,0.674936891,0.325063139,24,1,24,1,0.853079975
206,14,14,14,0.681806862,0.318193167,14,1,14,1,0.977611721
207,8,22,16,0.679570615,0.320429385,22,0,22,0,0.006164952
208,18,18,23,0.651443303,0.348556697,18,1,18,1,0.303317934
209,13,21,13,0.671357572,0.328642458,13,1,13,1,0.438621819
210,25,25,25,0.659276724,0.340723276,25,1,25,1,0.788948238
211,15,15,15,0.668229878,0.331770152,15,1,15,1,0.997478008
212,11,11,11,0.669698656,0.330301374,11,1,11,1,0.923781335
213,7,1,26,0.675718963,0.324281037,1,0,1,0,0.007302087
214,15,15,20,0.607861757,0.392138243,15,1,15,1,0.106857419
215,22,22,25,0.643634737,0.356365263,22,1,25,0,0.317089766
216,23,12,23,0.661813319,0.338186651,23,1,12,0,0.038938552
217,26,26,26,0.612210095,0.387789905,26,1,26,1,1
218,1,1,1,0.612212718,0.387787312,1,1,1,1,0.798406899
219,7,7,7,0.604619503,0.395380497,7,1,7,1,0.977433622
220,21,21,21,0.601352155,0.398647815,21,1,21,1,0.987673938
221,25,25,25,0.603495121,0.396504879,25,1,25,1,0.836862206
222,11,11,16,0.609521508,0.390478462,11,1,11,1,0.211313248
223,8,17,8,0.648685038,0.351314962,8,1,8,1,0.038638409
224,24,0,10,0.602114201,0.397885799,24,1,24,1,0.315001369
225,3,3,20,0.600764334,0.399235696,3,1,3,1,0.299277067
226,7,12,26,0.626343846,0.373656183,12,0,7,1,0.188712761
227,15,11,15,0.611163676,0.388836324,15,1,15,1,0.373234361
228,8,26,27,0.592792511,0.407207519,26,0,26,0,0.368648559
229,26,26,27,0.576915264,0.423084736,26,1,26,1,0.06701488
230,16,16,16,0.619729996,0.380270034,16,1,16,1,0.927710235
231,12,12,12,0.625900269,0.374099702,12,1,12,1,0.993606806
232,27,27,14,0.623463213,0.376536816,27,1,27,1,0.522884786
233,4,4,4,0.635764956,0.364235044,4,1,4,1,0.881632984
234,4,4,4,0.628966749,0.371033281,4,1,4,1,0.729448795
235,15,15,15,0.616976798,0.383023232,15,1,15,1,0.894136548
236,26,26,26,0.624297559,0.375702471,26,1,26,1,0.999994934
237,17,27,27,0.624182522,0.375817508,27,0,27,0,0.917646646
238,25,25,25,0.60882014,0.39117986,25,1,25,1,0.983680308
239,10,10,10,0.602859139,0.39714089,10,1,10,1,0.923724949
240,5,26,5,0.600951076,0.399048924,26,0,1,0,0.217779994
241,27,8,9,0.569758356,0.430241615,9,0,9,0,0.033936825
242,17,17,27,0.529406786,0.470593214,27,0,27,0,0.033986829
243,20,20,15,0.552027881,0.447972089,20,1,20,1,0.205283463
244,11,11,13,0.579893529,0.420106471,11,1,11,1,0.022854399
245,14,27,14,0.629329324,0.370670676,14,1,14,1,0.307863235
246,22,18,2,0.61167407,0.38832593,18,0,18,0,0.518368661
247,21,21,21,0.601093173,0.398906857,21,1,21,1,0.7265203
248,13,13,13,0.60901624,0.39098379,13,1,13,1,0.977921724
249,14,14,14,0.611573279,0.388426721,14,1,14,1,0.963204503
250,20,20,6,0.607675552,0.392324477,20,1,20,1,0.231181458
251,1,1,5,0.626070917,0.373929054,1,1,5,0,0.579260051
252,5,5,5,0.63337338,0.36662659,5,1,5,1,0.819886684
253,15,15,15,0.623735785,0.376264215,15,1,15,1,0.992065072
254,2,4,2,0.626941264,0.373058707,2,1,2,1,0.077185996
255,17,27,9,0.587409616,0.412590355,27,0,9,0,0.066719405
256,18,18,18,0.542522132,0.457477868,18,1,25,0,0.715306759
257,15,15,15,0.537807047,0.462192953,15,1,15,1,0.999998391
258,4,4,4,0.53784889,0.46215108,4,1,4,1,0.994067252
259,2,23,2,0.540557742,0.459442258,23,0,2,1,0.001615651
260,14,14,14,0.450865746,0.549134254,14,1,14,1,0.722716689
261,16,5,16,0.448740482,0.551259518,16,1,5,0,0.29617703
262,21,21,21,0.428787917,0.571212053,21,1,21,1,0.999993503
263,14,6,27,0.428704083,0.571295917,27,0,27,0,0.072764695
264,4,4,11,0.39721787,0.60278213,4,1,4,1,0.638653517
265,10,10,10,0.410728812,0.589271188,10,1,10,1,0.970210969
266,16,21,16,0.409769863,0.590230167,16,1,16,1,0.259099185
267,17,17,14,0.378489465,0.621510506,17,1,17,1,0.161209881
268,17,17,17,0.406454712,0.593545258,17,1,17,1,0.998245001
269,3,3,3,0.404971242,0.595028758,3,1,3,1,0.966177046
270,11,20,20,0.408185899,0.591814101,20,0,20,0,0.960507333
271,7,7,14,0.393125921,0.606874108,14,0,7,1,0.04673266
272,2,2,25,0.441332877,0.558667123,25,0,25,0,0.591265082
273,7,8,7,0.4895854,0.5104146,7,1,7,1,0.741837859
274,3,3,6,0.479305744,0.520694256,3,1,3,1,0.257328898
275,8,14,8,0.502675712,0.497324258,8,1,27,0,0.269678265
276,27,27,9,0.47445038,0.525549591,27,1,9,0,0.362559348
277,17,17,17,0.48938182,0.51061815,17,1,17,1,0.993196845
278,2,2,2,0.490560651,0.509439349,2,1,2,1,0.997984886
279,27,7,27,0.488252074,0.511747956,27,1,7,0,0.044153575
280,5,5,5,0.444291562,0.555708468,5,1,5,1,0.83599323
281,7,7,7,0.434620291,0.565379739,7,1,7,1,0.961856008
282,8,5,16,0.431423426,0.568576574,16,0,5,0,0.03136437
283,0,0,0,0.396804631,0.603195369,0,1,0,1,1
284,14,14,14,0.396805823,0.603194177,14,1,14,1,0.789219856
285,9,9,9,0.408285052,0.591714919,9,1,9,1,0.625628531
286,15,0,15,0.394010037,0.605989933,15,1,15,1,0.4982059
287,24,24,25,0.377020359,0.622979641,24,1,24,1,0.497303277
288,3,3,11,0.392594278,0.607405722,3,1,3,1,0.417208523
289,27,27,27,0.408535123,0.591464877,27,1,27,1,0.890808582
290,26,26,26,0.401814997,0.598185003,26,1,26,1,0.999637842
291,20,11,6,0.402172416,0.597827554,11,0,11,0,0.271869361
292,17,17,17,0.400595993,0.599404037,17,1,17,1,0.991912305
293,27,17,27,0.401981443,0.598018527,27,1,27,1,0.498869151
294,7,7,7,0.389639586,0.610360384,7,1,7,1,0.897255301
295,4,4,4,0.384284109,0.615715921,4,1,4,1,0.819717705
296,14,9,14,0.394083738,0.605916262,14,1,14,1,0.848504782
297,1,7,1,0.386058778,0.613941252,1,1,7,0,0.007771593
298,17,1,1,0.325429887,0.674570084,1,0,1,0,0.755522788
299,17,17,17,0.376676172,0.623323858,17,1,17,1,0.8165043
300,0,0,0,0.382630348,0.617369652,0,1,0,1,0.99687922
301,27,27,27,0.380675584,0.619324446,27,1,27,1,0.995862663
302,25,25,25,0.379634947,0.620365083,25,1,25,1,0.973863721
303,8,8,8,0.384110302,0.615889668,8,1,8,1,0.999979854
304,26,26,26,0.384098679,0.615901291,26,1,26,1,0.999991834
305,1,1,1,0.384181052,0.615818918,1,1,1,1,0.996341527
306,9,14,9,0.383329928,0.616670072,9,1,9,1,0.202596515
307,8,8,8,0.362911701,0.637088299,8,1,8,1,0.98649925
308,10,10,10,0.36154592,0.63845408,10,1,10,1,0.999994814
309,13,13,11,0.361620009,0.638379991,13,1,13,1,0.309485108
310,11,21,4,0.38460809,0.61539191,21,0,21,0,0.204186037
311,8,8,8,0.323848069,0.676151931,8,1,8,1,0.929827809
312,27,14,27,0.329465985,0.670534015,27,1,14,0,0.711682856
313,27,14,27,0.325136423,0.674863577,27,1,27,1,0.0727074
314,7,7,7,0.289098859,0.710901141,7,1,7,1,0.939521194
315,24,24,16,0.292582095,0.707417905,24,1,24,1,0.62436986
316,10,10,10,0.303655654,0.696344376,10,1,10,1,0.999940455
317,9,9,9,0.303294778,0.696705222,9,1,9,1,0.91715306
318,7,17,17,0.299329698,0.700670302,17,0,17,0,0.860327482
319,24,24,10,0.298902065,0.701097906,10,0,24,1,0.214306101
320,15,15,11,0.317756981,0.68224299,15,1,15,1,0.246190816
321,6,6,6,0.33887589,0.66112411,6,1,6,1,0.749247134
322,11,15,11,0.343185037,0.656814992,11,1,11,1,0.624756277
323,20,20,11,0.33129099,0.66870904,20,1,20,1,0.430036485
324,14,14,14,0.348719209,0.651280761,14,1,14,1,0.880571187
325,17,27,9,0.344291925,0.655708075,27,0,27,0,0.713628054
326,18,0,16,0.359522164,0.640477836,0,0,0,0,0.041651368
327,21,21,21,0.345019341,0.654980659,21,1,21,1,0.893349588
328,6,6,6,0.348184377,0.651815653,6,1,6,1,0.732474864
329,14,27,14,0.356568098,0.643431902,14,1,14,1,0.15038377
330,21,21,21,0.330187678,0.669812322,21,1,21,1,0.99973911
331,18,12,18,0.329633594,0.670366406,18,1,18,1,0.438725829
332,26,17,26,0.31407699,0.68592298,26,1,26,1,0.083935268
333,7,7,7,0.286692053,0.713307917,7,1,7,1,0.991565168
334,3,3,11,0.286227494,0.713772476,3,1,3,1,0.358940601
335,3,3,1,0.301386476,0.698613524,3,1,3,1,0.027100382
336,12,6,12,0.35294202,0.64705795,12,1,12,1,0.026240051
337,16,16,16,0.300852716,0.699147284,16,1,16,1,0.999964237
338,20,20,11,0.30096063,0.69903934,11,0,11,0,0.216640413
339,5,12,5,0.322781384,0.677218616,5,1,5,1,0.057191689
340,14,14,14,0.285153359,0.714846611,14,1,14,1,0.998989105
341,6,0,6,0.284744382,0.715255618,6,1,6,1,0.013066685
342,5,11,18,0.243682072,0.756317914,18,0,18,0,0.049921647
343,10,10,10,0.2168414,0.7831586,10,1,10,1,0.999704719
344,24,24,24,0.21709393,0.782906055,24,1,24,1,0.73626107
345,10,10,10,0.222746968,0.777253032,10,1,10,1,0.799779892
346,6,3,6,0.216590822,0.783409178,6,1,6,1,0.474058241
347,3,3,3,0.207456857,0.792543113,3,1,3,1,0.965418458
348,10,10,10,0.210207909,0.789792061,10,1,10,1,0.99999851
349,22,25,19,0.210198924,0.789801061,19,0,19,0,0.545416117
350,6,6,6,0.210016161,0.789983809,6,1,6,1,0.969081819
351,4,4,4,0.208414629,0.791585386,4,1,4,1,0.998388231
352,14,14,14,0.208982781,0.791017234,14,1,14,1,0.808104396
353,27,27,17,0.204417467,0.795582533,27,1,27,1,0.79994303
354,5,5,5,0.210144266,0.789855719,5,1,5,1,0.801058173
355,0,0,0,0.203978717,0.796021283,0,1,0,1,0.999950409
356,24,24,24,0.20369865,0.796301365,24,1,24,1,0.860755682
357,15,15,15,0.208047152,0.791952848,15,1,15,1,0.999998748
358,11,11,4,0.20807074,0.791929245,4,0,4,0,0.291464984
359,1,1,1,0.224871263,0.775128722,1,1,1,1,0.992827415
360,3,3,15,0.223700434,0.776299536,15,0,15,0,0.133862093
361,1,4,14,0.24493368,0.755066335,14,0,14,0,0.170233622
362,14,14,14,0.239563495,0.760436475,14,1,14,1,0.988924205
363,27,27,27,0.237865686,0.762134314,27,1,27,1,0.999484956
364,2,22,2,0.238180399,0.761819601,2,1,2,1,0.684285164
365,8,8,8,0.231747627,0.768252373,8,1,8,1,0.688387275
366,2,2,2,0.219571605,0.78042841,2,1,2,1,0.876968205
367,0,0,16,0.213057652,0.786942363,16,0,0,1,0.135373682
368,3,16,6,0.228971794,0.771028221,6,0,6,0,0.150724918
369,5,5,5,0.208552212,0.791447818,5,1,5,1,0.916821659
370,26,26,26,0.202417493,0.797582507,26,1,26,1,0.999999762
371,6,3,23,0.202428862,0.797571123,23,0,3,0,0.145843297
372,7,12,26,0.20961301,0.790386975,12,0,12,0,0.313422382
373,17,9,27,0.188105583,0.811894417,27,0,9,0,0.172081903
374,4,4,4,0.186668605,0.813331366,4,1,4,1,0.999943376
375,11,11,11,0.186784998,0.813215017,11,1,11,1,0.989846289
376,24,24,10,0.18416369,0.81583631,24,1,24,1,0.549386144
377,21,21,21,0.192329705,0.807670295,21,1,21,1,0.999778986
378,24,24,24,0.192552909,0.807447076,24,1,24,1,0.99982053
379,1,1,1,0.192879632,0.807120383,1,1,1,1,0.770054579
380,27,17,27,0.185001343,0.814998627,27,1,27,1,0.025978856
381,14,27,14,0.150616467,0.849383533,14,1,14,1,0.608830094
382,22,22,22,0.144993812,0.855006158,22,1,22,1,0.860104024
383,24,24,24,0.150575548,0.849424422,24,1,24,1,0.998663545
384,15,11,15,0.150940374,0.849059641,15,1,15,1,0.173219293
385,14,17,14,0.137500793,0.862499177,14,1,14,1,0.259107709
386,13,3,13,0.127877295,0.872122705,13,1,13,1,0.03136833
387,9,14,9,0.103882544,0.896117449,9,1,0,0,0.527894676
388,20,16,11,0.100457035,0.899542987,11,0,3,0,0.415886462
389,3,3,3,0.082189865,0.917810142,3,1,3,1,0.98503834
390,4,4,4,0.083056368,0.91694361,4,1,4,1,0.998206735
391,16,16,16,0.082526229,0.917473793,16,1,16,1,0.999340773
392,26,26,26,0.082665808,0.917334199,26,1,26,1,0.999966383
393,1,5,1,0.082593814,0.917406201,1,1,1,1,0.274917334
394,17,17,27,0.075569116,0.924430907,27,0,27,0,0.393443257
395,9,9,9,0.079198539,0.920801461,9,1,9,1,0.976697505
396,4,4,4,0.080302671,0.919697344,4,1,4,1,0.91388154
397,22,22,13,0.082282312,0.917717695,13,0,13,0,0.011231469
398,2,2,2,0.103852272,0.896147728,2,1,2,1,0.997676611
399,7,7,7,0.10422536,0.895774662,7,1,7,1,0.993843138
400,7,7,7,0.104761697,0.89523828,7,1,7,1,0.950563371
401,6,6,6,0.102887146,0.897112846,6,1,6,1,0.980702996
402,1,1,1,0.104470752,0.89552927,1,1,1,1,0.980305314
403,1,1,1,0.103680365,0.896319628,1,1,1,1,0.677357614
404,9,9,9,0.102525368,0.897474647,9,1,9,1,0.971216559
405,14,21,14,0.10293413,0.897065878,14,1,14,1,0.329016805
406,8,8,8,0.097948834,0.902051151,8,1,8,1,0.995476127
407,6,3,6,0.097297668,0.902702332,6,1,6,1,0.696883678
408,18,21,5,0.09333913,0.906660855,5,0,5,0,0.009340667
409,0,0,0,0.099578895,0.900421083,0,1,0,1,0.999574542
410,3,3,3,0.099145427,0.900854588,3,1,3,1,0.99557513
411,0,1,0,0.099578515,0.9004215,0,1,0,1,0.003317866
412,9,27,9,0.075666055,0.92433393,9,1,9,1,0.259856999
413,5,5,5,0.07364919,0.926350832,5,1,5,1,0.863545954
414,2,2,2,0.071955144,0.928044856,2,1,2,1,0.998509526
415,4,4,4,0.071943596,0.928056419,4,1,4,1,0.989951491
416,6,3,11,0.071633823,0.928366184,11,0,20,0,0.018688941
417,8,14,15,0.076593563,0.923406422,15,0,15,0,0.02870802
418,4,4,4,0.092686601,0.907313406,4,1,4,1,0.995262921
419,14,14,9,0.092402354,0.907597661,9,0,14,1,0.736949921
420,3,3,3,0.093866043,0.90613395,3,1,3,1,0.908917844
421,5,5,5,0.09585347,0.904146552,5,1,5,1,0.976307154
422,26,26,26,0.097223222,0.902776778,26,1,26,1,0.999941349
423,7,7,7,0.097063839,0.902936161,7,1,7,1,0.998541236
424,10,10,10,0.09754882,0.902451158,10,1,10,1,0.999995768
425,7,7,7,0.097564243,0.90243578,7,1,7,1,0.996758103
426,15,15,15,0.097226463,0.902773559,15,1,15,1,0.843169689
427,3,3,13,0.100094721,0.899905264,13,0,3,1,0.247541681
428,14,27,9,0.109650463,0.890349567,9,0,9,0,0.059458844
429,4,4,11,0.093087107,0.906912923,11,0,4,1,0.136062294
430,3,6,3,0.110287584,0.889712393,3,1,3,1,0.501699388
431,21,0,24,0.104223557,0.895776451,24,0,24,0,0.075059764
432,11,11,15,0.108059756,0.891940236,15,0,15,0,0.236413226
433,15,15,15,0.122915633,0.877084374,15,1,15,1,0.99847281
434,26,26,26,0.123290755,0.876709223,26,1,26,1,0.800952911
435,6,6,11,0.129123807,0.870876193,11,0,6,1,0.113968514
436,17,17,17,0.143769979,0.856230021,17,1,17,1,0.870286167
437,26,26,14,0.146554783,0.853445232,14,0,14,0,0.122500531
438,0,0,0,0.161190882,0.838809133,0,1,0,1,0.999839723
439,19,19,19,0.161031753,0.838968217,19,1,19,1,0.996044755
440,2,22,19,0.161628366,0.838371634,2,1,2,1,0.772533298
441,5,5,5,0.162375301,0.837624669,5,1,5,1,0.982894957
442,27,14,27,0.160849974,0.839150012,27,1,27,1,0.215515062
443,14,14,14,0.148660824,0.851339161,14,1,14,1,0.970068514
444,24,24,24,0.146927685,0.853072286,24,1,24,1,0.742153168
445,14,14,14,0.1552995,0.844700515,14,1,14,1,0.965787649
446,0,0,0,0.156687349,0.843312621,0,1,0,1,1
447,6,3,6,0.156686887,0.843313098,6,1,6,1,0.745486856
448,9,9,9,0.152673036,0.847326994,9,1,9,1,0.983305097
449,17,17,27,0.153862238,0.846137762,27,0,17,1,0.315002471
450,13,13,4,0.162361413,0.837638617,13,1,13,1,0.624408662
451,1,1,1,0.170478076,0.829521894,1,1,1,1,0.997684896
452,9,17,9,0.169816196,0.830183804,9,1,17,0,0.242943794
453,4,21,4,0.158166885,0.841833115,4,1,4,1,0.348348647
454,18,2,18,0.147787333,0.852212667,18,1,18,1,0.050468031
455,2,23,2,0.119690649,0.880309343,2,1,2,1,0.569891632
456,15,15,20,0.114299111,0.885700881,20,0,15,1,0.332546234
457,10,10,10,0.12435437,0.875645638,10,1,10,1,0.999996662
458,4,2,4,0.124373585,0.875626445,4,1,4,1,0.053930391
459,12,27,2,0.106165141,0.893834829,2,0,2,0,0.032236166
460,1,7,1,0.108666934,0.891333044,1,1,1,1,0.427824467
461,23,13,23,0.10169214,0.89830786,23,1,23,1,0.198576063
462,17,17,17,0.090929486,0.909070492,17,1,17,1,0.90381825
463,16,16,12,0.08963795,0.910362065,16,1,16,1,0.668736935
464,21,21,21,0.092540421,0.907459557,21,1,21,1,0.997222066
465,17,17,17,0.092313789,0.907686234,17,1,17,1,0.985753775
466,13,13,4,0.092052862,0.907947123,4,0,13,1,0.169437617
467,4,4,4,0.102485828,0.897514164,4,1,4,1,0.955671072
468,7,8,26,0.101990774,0.898009241,26,0,26,0,0.050288968
469,24,24,24,0.100791514,0.899208486,24,1,24,1,0.999615073
470,1,1,1,0.100938432,0.899061561,1,1,1,1,0.899817407
471,19,5,19,0.099046387,0.900953591,19,1,5,0,0.197095379
472,17,8,1,0.088378355,0.91162163,1,0,1,0,0.02231966
473,1,1,1,0.106978461,0.893021524,1,1,1,1,0.775797367
474,5,5,5,0.104311615,0.895688355,5,1,5,1,0.999453187
475,4,4,4,0.104003198,0.895996809,4,1,4,1,0.985691309
476,17,17,27,0.105540268,0.894459724,17,1,17,1,0.613399506
477,3,3,11,0.10692548,0.893074512,3,1,3,1,0.605368257
478,8,8,8,0.112653628,0.887346387,8,1,8,1,0.999995887
479,14,14,14,0.112680443,0.887319565,14,1,14,1,0.973403573
480,25,25,25,0.112984747,0.887015224,25,1,25,1,0.989899457
481,16,16,16,0.113689184,0.886310816,16,1,16,1,0.999999702
482,25,26,22,0.113701567,0.886298418,22,0,22,0,0.266579062
483,0,0,0,0.108816549,0.891183436,0,1,0,1,0.999990523
484,24,26,21,0.10874372,0.891256273,21,0,6,0,0.181388676
485,2,2,22,0.097503342,0.902496636,2,1,2,1,0.65139538
486,4,15,4,0.101707064,0.898292959,4,1,4,1,0.315089434
487,24,24,24,0.099640191,0.900359809,24,1,24,1,0.99945569
488,10,10,10,0.099803723,0.900196254,10,1,10,1,0.911567032
489,4,4,4,0.103725359,0.896274626,4,1,4,1,0.903305292
490,4,4,19,0.101671152,0.898328841,4,1,4,1,0.395567417
491,21,21,21,0.111021407,0.888978601,21,1,21,1,1
492,3,21,6,0.111021176,0.888978839,6,0,3,1,0.035213523
493,21,21,21,0.092146397,0.907853603,21,1,21,1,0.999998569
494,17,17,0,0.092128053,0.907871962,0,0,16,0,0.191223338
495,24,24,24,0.10415227,0.895847738,24,1,24,1,0.875458598
496,3,3,6,0.106839098,0.89316088,3,1,3,1,0.416345745
497,0,0,0,0.115951695,0.884048283,0,1,0,1,0.999999523
498,6,4,6,0.115939945,0.884060025,6,1,6,1,0.014724093
499,26,26,26,0.093587451,0.906412542,26,1,26,1,0.999878168
500,25,2,25,0.093837164,0.906162858,25,1,2,0,0.190835476
501,18,18,18,0.083444931,0.916555047,18,1,18,1,0.906294823
502,2,2,2,0.085768737,0.914231241,2,1,2,1,0.992265403
503,2,18,2,0.085933611,0.914066374,2,1,2,1,0.004636471
504,10,10,10,0.065253556,0.934746444,10,1,10,1,0.823697031
505,1,5,1,0.063493118,0.936506867,1,1,1,1,0.567946017
506,7,7,7,0.060012404,0.9399876,7,1,7,1,0.989782333
507,10,10,10,0.059483752,0.940516233,10,1,10,1,0.988672674
508,11,11,11,0.060087398,0.939912617,11,1,11,1,0.981432796
509,1,2,5,0.059524924,0.940475047,5,0,5,0,0.452619404
510,12,5,12,0.053992186,0.946007788,12,1,12,1,0.459231973
511,22,22,19,0.050376978,0.949623048,19,0,22,1,0.38634181
512,3,6,1,0.055041913,0.944958091,1,0,1,0,0.061159831
513,20,20,11,0.05964734,0.940352678,11,0,20,1,0.645395815
514,26,26,26,0.06216874,0.937831283,26,1,26,1,0.999998212
515,26,26,26,0.062175162,0.937824845,26,1,26,1,0.999999702
516,24,24,24,0.062170006,0.937829971,24,1,24,1,0.802771747
517,3,3,10,0.059896652,0.940103352,10,0,3,1,0.058163006
518,26,26,26,0.072053842,0.92794615,26,1,26,1,0.999997735
519,27,27,27,0.072031192,0.9279688,27,1,27,1,0.919398427
520,24,24,10,0.070748113,0.929251909,10,0,10,0,0.092702672
521,0,0,0,0.079190888,0.92080909,0,1,0,1,0.995621383
522,4,4,4,0.0780323,0.921967685,4,1,4,1,0.999197781
523,17,17,17,0.077736244,0.922263741,17,1,17,1,0.993748248
524,10,10,10,0.078090787,0.921909213,10,1,10,1,0.893862486
525,10,10,10,0.079896592,0.920103431,10,1,10,1,0.864295602
526,22,22,22,0.081882477,0.918117523,22,1,25,0,0.663666129
527,10,10,10,0.082998186,0.917001843,10,1,10,1,0.797872901
528,15,15,16,0.086182185,0.913817823,16,0,15,1,0.243182838
529,4,4,4,0.092915148,0.907084823,4,1,4,1,0.844896495
530,8,8,8,0.095494196,0.904505789,8,1,8,1,0.993665814
531,9,27,14,0.095363572,0.904636443,14,0,14,0,0.090038449
532,12,12,12,0.09209165,0.90790838,12,1,12,1,0.884337068
533,2,2,2,0.089635156,0.910364866,2,1,2,1,0.999546885
534,8,12,14,0.089284211,0.910715759,14,0,14,0,0.018388651
535,2,22,2,0.101659715,0.898340285,2,1,2,1,0.091782376
536,11,11,11,0.090335466,0.909664512,11,1,11,1,0.997536719
537,3,11,6,0.090309143,0.909690857,6,0,3,1,0.080015369
538,15,15,15,0.088289119,0.911710858,15,1,15,1,0.991400421
539,13,4,11,0.089036986,0.910962999,11,0,4,0,0.312360078
540,10,10,10,0.08667808,0.913321912,10,1,10,1,0.990483999
541,16,0,16,0.087477252,0.912522733,16,1,0,0,0.119281173
542,6,6,6,0.076996051,0.923003972,6,1,6,1,0.768863916
543,24,24,24,0.080132484,0.919867516,24,1,24,1,0.998430789
544,3,3,3,0.080292419,0.919707596,3,1,3,1,0.991465569
545,5,10,5,0.080898196,0.919101834,5,1,5,1,0.042698458
546,13,13,13,0.068849623,0.931150377,13,1,13,1,0.995029449
547,19,19,2,0.068528764,0.931471229,2,0,19,1,0.321114153
548,25,25,25,0.073810756,0.926189244,25,1,25,1,0.835475087
549,8,9,8,0.074892402,0.925107598,8,1,8,1,0.355266809
550,4,4,4,0.068234563,0.931765437,4,1,4,1,0.998407006
551,13,4,13,0.068034656,0.931965351,13,1,13,1,0.111591808
552,0,0,0,0.062684931,0.937315047,0,1,0,1,0.998475194
553,12,5,12,0.06238528,0.937614739,12,1,12,1,0.157326177
554,2,0,2,0.055863824,0.944136202,2,1,2,1,0.174098119
555,0,0,0,0.048350863,0.951649129,0,1,0,1,1
556,9,8,5,0.048351351,0.951648653,5,0,5,0,0.102771685
557,17,17,17,0.055877049,0.94412297,17,1,17,1,0.805145979
558,21,21,21,0.053605724,0.946394265,21,1,21,1,0.999832928
559,14,14,14,0.053660695,0.946339309,14,1,14,1,0.973706067
560,16,16,16,0.053964563,0.946035445,16,1,16,1,0.999975026
561,16,16,16,0.053943321,0.946056664,16,1,16,1,0.999983847
562,16,6,16,0.053959996,0.946040034,16,1,16,1,0.231003284
563,0,0,0,0.049069177,0.950930834,0,1,0,1,0.999960601
564,3,6,6,0.049079537,0.950920463,6,0,6,0,0.768863916
565,17,17,17,0.044723954,0.955276072,17,1,17,1,0.999882758
566,12,8,12,0.044715695,0.955284297,12,1,12,1,0.379167676
567,17,7,17,0.041059248,0.958940744,17,1,17,1,0.537830114
568,1,1,1,0.03861377,0.961386204,1,1,1,1,0.921938658
569,14,27,14,0.038563911,0.961436093,14,1,14,1,0.685130179
570,2,2,2,0.03708205,0.962917924,2,1,2,1,0.821309626
571,18,18,18,0.035705514,0.964294493,18,1,18,1,0.820557177
572,2,2,22,0.03556449,0.964435518,22,0,2,1,0.489955425
573,13,13,13,0.037892494,0.96210748,13,1,13,1,0.93938911
574,21,21,21,0.03727214,0.962727845,21,1,21,1,0.999993801
575,11,11,11,0.03728294,0.962717056,11,1,11,1,0.999576032
576,4,4,4,0.037359215,0.962640762,4,1,4,1,0.989703476
577,9,27,27,0.037788458,0.962211549,27,0,9,1,0.929004669
578,8,8,8,0.036533393,0.963466585,8,1,8,1,0.903446674
579,25,18,25,0.037424929,0.962575078,25,1,25,1,0.085355237
580,3,3,20,0.033119362,0.96688062,20,0,3,1,0.421745509
581,7,27,7,0.034774378,0.965225637,7,1,7,1,0.535905361
582,5,5,1,0.033188757,0.96681124,1,0,1,0,0.014487034
583,6,6,6,0.039523799,0.96047622,6,1,6,1,0.868710995
584,20,20,11,0.039252456,0.96074754,11,0,11,0,0.236409262
585,6,6,21,0.043067589,0.956932425,21,0,21,0,0.254446059
586,18,18,23,0.052047998,0.947951972,23,0,23,0,0.023396475
587,4,4,4,0.066601425,0.933398604,4,1,4,1,0.988150835
588,4,4,13,0.065797508,0.934202492,13,0,4,1,0.505899668
589,14,27,14,0.071026266,0.928973734,14,1,14,1,0.516187847
590,21,21,21,0.067588925,0.932411075,21,1,21,1,0.999997497
591,16,16,6,0.067571498,0.932428479,6,0,16,1,0.252873182
592,26,26,26,0.074614339,0.925385654,26,1,26,1,0.999991953
593,6,6,6,0.074573435,0.925426543,6,1,6,1,0.776768982
594,12,12,12,0.076737724,0.923262298,12,1,12,1,0.997970879
595,1,12,1,0.07633625,0.923663735,1,1,1,1,0.171357036
596,2,2,25,0.068244047,0.93175596,25,0,2,1,0.193962276
597,25,25,25,0.070796393,0.929203629,25,1,25,1,0.969004869
598,3,3,6,0.070938788,0.929061234,6,0,3,1,0.295147866
599,16,16,11,0.077434145,0.922565877,16,1,16,1,0.547105849
600,13,13,13,0.082919329,0.917080641,13,1,13,1,0.991126299
601,24,24,24,0.082603686,0.917396307,24,1,24,1,0.998304546
602,16,16,16,0.082982786,0.917017221,16,1,16,1,0.997831583
603,18,2,22,0.082804047,0.917195976,22,0,2,0,0.006739619
604,3,3,6,0.0685772,0.93142277,6,0,3,1,0.570242465
605,0,0,0,0.073527843,0.926472187,0,1,0,1,0.999886096
606,1,6,1,0.073447451,0.926552534,1,1,1,1,0.224574715
607,8,8,8,0.065322571,0.934677422,8,1,8,1,0.997462153
608,16,0,16,0.064850174,0.935149848,16,1,16,1,0.028292771
609,18,18,25,0.054000471,0.945999503,25,0,2,0,0.079920746
610,3,3,3,0.062529683,0.937470317,3,1,3,1,0.691367686
611,11,11,11,0.065447919,0.934552073,11,1,11,1,0.930969596
612,17,17,17,0.066874921,0.933125079,17,1,17,1,0.998909831
613,10,10,10,0.066937104,0.933062911,10,1,10,1,0.99984026
614,5,7,5,0.066859446,0.933140576,5,1,5,1,0.57466799
615,4,6,4,0.063535661,0.93646431,4,1,4,1,0.505842745
616,9,5,27,0.059293557,0.940706432,27,0,9,1,0.00943914
617,5,1,18,0.052166004,0.947834015,18,0,1,0,0.167127848
618,4,11,11,0.055686019,0.944314003,11,0,11,0,0.866156936
619,15,15,15,0.055237308,0.944762707,15,1,15,1,0.996393204
620,14,27,14,0.055632163,0.944367826,14,1,14,1,0.550581753
621,5,7,5,0.052649837,0.947350144,5,1,5,1,0.025957279
622,17,7,9,0.043678433,0.956321597,9,0,9,0,0.219512463
623,16,9,16,0.042385031,0.957614958,16,1,16,1,0.539692819
624,10,10,10,0.040084939,0.959915042,10,1,10,1,0.999990106
625,21,21,6,0.040075678,0.95992434,6,0,21,1,0.339434296
626,23,4,23,0.043452948,0.956547081,23,1,23,1,0.054786775
627,2,25,2,0.034836497,0.965163529,2,1,2,1,0.040434435
628,16,16,16,0.026437694,0.9735623,16,1,16,1,0.999966502
629,5,5,5,0.026460633,0.973539352,5,1,5,1,0.9872967
630,13,13,20,0.02588799,0.974112034,20,0,13,1,0.854500294
631,1,12,1,0.026222724,0.973777294,1,1,1,1,0.232221946
632,2,2,2,0.023721984,0.976278007,2,1,2,1,0.931337118
633,0,0,0,0.024335172,0.975664854,0,1,0,1,0.999956906
634,8,12,8,0.024310572,0.975689411,8,1,8,1,0.071872577
635,3,3,3,0.020909227,0.97909075,3,1,3,1,0.957975268
636,5,1,5,0.021210369,0.978789628,5,1,5,1,0.709080815
637,21,21,21,0.020500047,0.979499936,21,1,21,1,0.999522984
638,10,10,24,0.02045715,0.979542851,24,0,24,0,0.11828474
639,23,23,23,0.022856614,0.977143407,23,1,23,1,0.918705404
640,19,19,5,0.022786854,0.977213144,5,0,5,0,0.416523367
641,5,5,5,0.023939235,0.976060748,5,1,5,1,0.991273761
642,4,4,4,0.023870863,0.976129115,4,1,4,1,0.996981263
643,3,6,3,0.023987016,0.976013005,6,0,3,1,0.926762164
644,26,17,26,0.023522632,0.976477385,26,1,26,1,0.110685579
645,2,2,2,0.02031371,0.97968632,2,1,2,1,0.998205602
646,1,1,1,0.02019331,0.979806662,1,1,1,1,0.983342171
647,7,7,7,0.020670529,0.979329467,7,1,7,1,0.998416305
648,8,8,8,0.020559346,0.979440629,8,1,8,1,0.930810571
649,18,11,18,0.020026503,0.979973495,18,1,18,1,0.040513396
650,11,11,15,0.016676569,0.983323455,15,0,13,0,0.147144169
651,9,9,9,0.018985914,0.981014073,9,1,9,1,0.921503961
652,6,18,6,0.018637095,0.981362879,6,1,6,1,0.202031866
653,16,16,16,0.016872158,0.983127832,16,1,16,1,0.991059124
654,20,20,11,0.016986016,0.983013988,11,0,11,0,0.069249965
655,9,17,9,0.019601395,0.980398595,9,1,9,1,0.385755211
656,25,25,25,0.018868148,0.981131852,25,1,25,1,0.980147541
657,5,17,5,0.018908732,0.981091261,5,1,5,1,0.039631557
658,27,14,14,0.015507871,0.984492123,14,0,14,0,0.970875502
659,5,5,5,0.016596075,0.983403921,5,1,5,1,0.842045724
660,4,4,4,0.01602179,0.983978212,4,1,4,1,0.99794203
661,10,10,10,0.015939001,0.984061003,10,1,10,1,0.987362623
662,0,0,0,0.016218325,0.983781695,0,1,0,1,0.999934018
663,10,10,10,0.016200995,0.983798981,10,1,10,1,0.999998808
664,1,1,1,0.016200637,0.983799338,1,1,1,1,0.877810597
665,10,10,10,0.015751738,0.984248281,10,1,10,1,0.999998629
666,11,11,11,0.015752852,0.984247148,11,1,4,0,0.812599242
667,8,14,16,0.015610538,0.984389484,16,0,16,0,0.089766368
668,25,25,25,0.01617985,0.98382014,25,1,25,1,0.999839425
669,24,24,24,0.016140826,0.983859181,24,1,24,1,0.999510705
670,9,7,14,0.016166078,0.983833909,14,0,14,0,0.042958513
671,17,17,17,0.014735428,0.985264599,17,1,17,1,0.786367357
672,24,24,24,0.0144278,0.985572219,24,1,24,1,0.958580434
673,6,3,13,0.014912885,0.985087097,13,0,3,0,0.549034417
674,16,16,16,0.014911897,0.98508811,16,1,16,1,0.999828398
675,14,14,14,0.01492696,0.98507303,14,1,14,1,0.983451188
676,11,11,11,0.014745708,0.985254288,11,1,11,1,0.939833999
677,26,26,26,0.014990767,0.985009253,26,1,26,1,0.999997318
678,0,0,0,0.014986923,0.985013068,0,1,0,1,0.999875784
679,18,18,25,0.014964592,0.985035419,25,0,18,1,0.770009875
680,3,3,3,0.015340374,0.984659612,3,1,3,1,0.726096511
681,8,5,8,0.016078487,0.983921528,8,1,8,1,0.2404259
682,13,15,13,0.014705461,0.985294521,13,1,13,1,0.006569955
683,0,0,0,0.010665882,0.989334106,0,1,0,1,0.996796429
684,6,6,6,0.010587945,0.989412069,6,1,6,1,0.991523683
685,9,9,14,0.010558263,0.989441752,14,0,9,1,0.520322323
686,8,9,8,0.010730388,0.989269614,8,1,8,1,0.036213886
687,2,2,2,0.008897694,0.991102278,2,1,2,1,0.984168947
688,24,24,24,0.00902187,0.990978122,24,1,24,1,0.955868781
689,24,24,24,0.009178711,0.990821302,24,1,24,1,0.988626003
690,19,9,19,0.009334565,0.990665436,19,1,19,1,0.363348603
691,4,4,11,0.008789607,0.991210401,11,0,4,1,0.41364634
692,6,6,6,0.009728442,0.990271568,6,1,6,1,0.942121804
693,0,0,0,0.009966363,0.990033627,0,1,0,1,1
694,5,5,5,0.009966022,0.990033984,5,1,5,1,0.986404121
695,12,6,12,0.009850786,0.9901492,12,1,12,1,0.019868111
696,24,24,10,0.007936634,0.992063344,10,0,24,1,0.224008366
697,26,26,26,0.00866865,0.991331339,26,1,26,1,0.999999762
698,14,27,14,0.008669062,0.991330922,14,1,14,1,0.17232585
699,7,7,7,0.007859319,0.992140651,7,1,7,1,0.99937886
700,18,2,18,0.007833969,0.992166042,18,1,18,1,0.097315378
701,14,27,14,0.006614523,0.993385494,14,1,14,1,0.722180307
702,26,26,26,0.006385872,0.993614137,26,1,26,1,0.976092756
703,13,13,13,0.00647921,0.993520796,13,1,13,1,0.969515622
704,14,14,14,0.006604266,0.993395746,14,1,14,1,0.74960351
705,6,1,6,0.006359773,0.993640244,6,1,6,1,0.012609718
706,9,9,9,0.004930518,0.995069504,9,1,9,1,0.999802589
707,23,23,23,0.004926584,0.995073438,23,1,23,1,0.957598686
708,10,10,18,0.005046843,0.994953156,18,0,10,1,0.636436939
709,13,13,13,0.005349804,0.994650185,13,1,13,1,0.584852874
710,15,3,15,0.005764375,0.994235635,15,1,15,1,0.077281021
711,10,21,10,0.004971881,0.995028138,10,1,10,1,0.045051325
712,16,16,25,0.004226779,0.995773196,25,0,16,1,0.431524009
713,23,23,15,0.00451656,0.995483458,15,0,23,1,0.186052725
714,14,12,14,0.005072623,0.994927347,14,1,14,1,0.002309531
715,6,6,3,0.003305734,0.996694267,3,0,6,1,0.585112333
716,15,15,11,0.003303073,0.996696949,11,0,15,1,0.373945951
717,5,8,5,0.003592697,0.99640733,5,1,5,1,0.355204135
718,2,2,2,0.003344684,0.996655345,2,1,2,1,0.905814409
719,17,17,17,0.00327854,0.996721447,17,1,17,1,0.999367058
720,24,24,24,0.003283991,0.996716022,24,1,24,1,0.968235612
721,20,20,11,0.00335308,0.996646941,11,0,11,0,0.078247078
722,19,19,19,0.00428253,0.995717466,19,1,19,1,0.997237682
723,19,19,19,0.004311959,0.995688021,19,1,19,1,0.980026305
724,9,27,27,0.004366716,0.995633304,27,0,27,0,0.961152256
725,2,2,2,0.003749026,0.996250987,2,1,2,1,0.994356275
726,16,16,16,0.003778592,0.996221423,16,1,16,1,0.999777794
727,26,9,26,0.003782962,0.996217012,26,1,26,1,0.253780574
728,0,0,0,0.003399878,0.996600151,0,1,0,1,0.999999762
729,2,2,2,0.003399999,0.996599972,2,1,2,1,0.841918468
730,8,5,8,0.003271478,0.996728539,8,1,8,1,0.55840975
731,10,10,24,0.003122743,0.996877253,24,0,24,0,0.141055271
732,3,15,6,0.003484999,0.996514976,6,0,6,0,0.036408447
733,7,7,7,0.003208305,0.99679172,7,1,7,1,0.999975979
734,0,0,0,0.003207286,0.996792734,0,1,0,1,0.999991894
735,16,16,16,0.0032064,0.996793628,16,1,16,1,0.999938607
736,10,10,10,0.003204155,0.996795833,10,1,10,1,0.999797046
737,15,15,15,0.003210285,0.996789694,15,1,15,1,0.999983966
738,21,21,13,0.003210825,0.996789157,13,0,13,0,0.474173605
739,4,4,4,0.003366205,0.996633768,4,1,4,1,0.661254466
740,9,14,16,0.003597165,0.99640286,16,0,16,0,0.033999883
741,9,27,14,0.003410807,0.996589184,14,0,14,0,0.202970088
742,8,12,8,0.003357934,0.996642053,8,1,8,1,0.208414108
743,10,10,10,0.002995863,0.997004151,10,1,10,1,0.753100336
744,26,26,26,0.003159865,0.996840119,26,1,26,1,0.999989331
745,7,7,7,0.003161556,0.99683845,7,1,7,1,0.999502897
746,5,1,5,0.003163279,0.996836722,5,1,5,1,0.054999664
747,2,2,2,0.002727013,0.997272968,2,1,2,1,0.997736335
748,13,13,4,0.002707905,0.997292101,4,0,13,1,0.355410546
749,23,23,23,0.002964323,0.997035682,23,1,23,1,0.989798307
750,19,19,26,0.002989553,0.997010469,26,0,20,0,0.327486753
751,24,10,24,0.003267247,0.996732771,24,1,24,1,0.148779497
752,7,9,7,0.002823181,0.997176826,7,1,7,1,0.006771775
753,14,27,14,0.00209897,0.997901022,14,1,14,1,0.676973939
754,14,27,14,0.002010881,0.997989118,14,1,14,1,0.374522984
755,11,11,20,0.001874391,0.998125613,20,0,11,1,0.25649178
756,27,17,9,0.002051459,0.997948527,9,0,9,0,0.242943794
757,21,21,21,0.002081742,0.997918248,21,1,21,1,0.994824648
758,24,24,10,0.002085586,0.997914433,10,0,24,1,0.53021276
759,10,10,10,0.002212394,0.997787595,10,1,10,1,0.999559343
760,23,23,23,0.002216353,0.997783661,23,1,23,1,0.792503595
761,16,16,16,0.002166106,0.997833908,16,1,16,1,0.972106874
762,17,17,17,0.002176993,0.997823,17,1,17,1,0.889494479
763,10,10,10,0.002222106,0.997777879,10,1,10,1,0.998607755
764,12,12,12,0.002228063,0.997771919,12,1,12,1,0.894721925
765,25,25,2,0.0021446,0.997855425,2,0,2,0,0.048252638
766,9,14,9,0.002551761,0.997448266,9,1,9,1,0.074785657
767,1,26,1,0.001996694,0.998003304,1,1,1,1,0.529200971
768,7,7,7,0.001873361,0.998126626,7,1,7,1,0.962840855
769,1,1,1,0.001846742,0.998153269,1,1,1,1,0.959346175
770,2,2,19,0.001892446,0.998107553,19,0,18,0,0.31142211
771,13,21,11,0.002127687,0.997872293,11,0,11,0,0.133998275
772,0,0,0,0.001715532,0.998284459,0,1,0,1,0.999999762
773,10,10,10,0.001715417,0.998284578,10,1,10,1,0.999987602
774,12,8,16,0.001715919,0.998284101,16,0,16,0,0.160465091
775,4,1,12,0.001819478,0.998180509,12,0,4,1,0.280320883
776,6,3,6,0.001916585,0.998083413,6,1,6,1,0.266401649
777,24,24,24,0.001766724,0.998233259,24,1,24,1,0.864732683
778,16,16,25,0.00181122,0.998188794,25,0,16,1,0.10048943
779,27,17,27,0.00204618,0.997953832,27,1,27,1,0.270489067
780,12,12,12,0.00185485,0.998145163,12,1,12,1,0.997973144
781,19,5,5,0.001843134,0.998156846,5,0,5,0,0.98815608
782,10,10,10,0.00179762,0.998202384,10,1,10,1,0.996184826
783,21,21,21,0.001810798,0.998189211,21,1,21,1,0.999987781
784,25,25,25,0.001810215,0.998189807,25,1,25,1,0.99950397
785,6,5,24,0.001814331,0.998185694,24,0,24,0,0.010925421
786,5,7,5,0.002072118,0.997927904,5,1,5,1,0.127312005
787,10,10,10,0.001843859,0.99815613,10,1,10,1,0.999123633
788,16,16,10,0.001854223,0.998145759,10,0,10,0,0.161916092
789,15,15,15,0.002051681,0.997948349,15,1,15,1,0.794397831
790,15,15,15,0.002131295,0.997868717,15,1,15,1,0.999343991
791,16,16,16,0.002138368,0.997861624,16,1,16,1,0.993658781
792,2,2,2,0.002149318,0.997850657,2,1,2,1,0.981447875
793,11,15,4,0.002184318,0.997815669,4,0,4,0,0.007635412
794,13,13,13,0.002120298,0.997879684,13,1,13,1,0.939948916
795,3,6,6,0.002082591,0.997917414,6,0,6,0,0.929103732
796,2,19,2,0.00213007,0.997869909,2,1,2,1,0.074275516
797,16,16,10,0.001799653,0.998200357,10,0,10,0,0.122988716
798,3,3,3,0.002009199,0.997990787,3,1,3,1,0.949234605
799,8,5,8,0.002043033,0.997956991,8,1,8,1,0.457850337
800,12,12,12,0.001853473,0.998146534,12,1,12,1,0.999272466
801,7,0,12,0.001849056,0.998150945,12,0,12,0,0.024687916
802,11,4,22,0.001649735,0.998350263,22,0,4,0,0.247523755
803,21,21,21,0.001393124,0.998606861,21,1,21,1,0.998596966
804,10,10,10,0.001393678,0.998606324,10,1,10,1,0.994129002
805,24,24,24,0.001387499,0.998612523,24,1,24,1,0.990174174
806,25,25,25,0.001413959,0.998586059,25,1,25,1,0.95836097
807,12,8,12,0.001425652,0.998574376,12,1,12,1,0.136560246
808,14,14,14,0.001229936,0.998770058,14,1,14,1,0.999805033
809,1,6,1,0.001231034,0.998768985,1,1,1,1,0.367667317
810,3,3,3,0.001118365,0.998881638,3,1,3,1,0.908413649
811,6,5,6,0.001152623,0.998847365,6,1,6,1,0.120177031
812,12,14,12,0.001057919,0.998942077,12,1,12,1,0.02416819
813,8,8,8,0.001003627,0.998996377,8,1,8,1,0.999989033
814,27,9,9,0.001003319,0.998996675,9,0,9,0,0.797406971
815,27,14,27,0.00105876,0.998941243,27,1,27,1,0.383550763
816,6,6,6,0.00100027,0.998999715,6,1,6,1,0.99951905
817,19,19,22,0.001003682,0.998996317,22,0,19,1,0.454814076
818,11,15,19,0.001079179,0.998920798,19,0,5,0,0.191490635
819,10,16,10,0.001185784,0.998814225,10,1,10,1,0.108059384
820,26,26,26,0.001041281,0.998958707,26,1,26,1,0.999996781
821,7,26,7,0.001041084,0.998958945,7,1,7,1,0.246745676
822,11,11,11,0.001033293,0.998966694,11,1,11,1,0.947820842
823,26,26,26,0.001052582,0.998947442,26,1,26,1,0.998064518
824,21,21,21,0.001056637,0.998943388,21,1,21,1,0.99999696
825,23,18,18,0.001056856,0.99894315,18,0,18,0,0.572511733
826,16,16,10,0.001248322,0.9987517,10,0,10,0,0.016262174
827,8,7,8,0.001536017,0.998463988,8,1,8,1,0.394995272
828,6,6,6,0.001437767,0.998562217,6,1,6,1,0.924035192
829,26,26,26,0.001458211,0.998541772,26,1,26,1,0.999998331
830,12,8,12,0.001457909,0.99854207,12,1,12,1,0.13995336
831,19,19,19,0.00112039,0.998879611,19,1,19,1,0.999032557
832,0,0,0,0.001124506,0.998875499,0,1,0,1,0.996964157
833,15,15,15,0.001116996,0.998883009,15,1,15,1,0.91211164
834,24,24,21,0.001161442,0.998838544,21,0,24,1,0.288059056
835,4,4,4,0.001269743,0.998730242,4,1,4,1,0.999884188
836,16,16,16,0.001272229,0.998727798,16,1,16,1,0.998533189
837,0,0,0,0.001277448,0.998722553,0,1,0,1,0.999982655
838,5,5,5,0.001276373,0.998723626,5,1,5,1,0.760263443
839,15,15,15,0.001230921,0.998769104,15,1,15,1,0.998452961
840,17,17,17,0.001225839,0.998774171,17,1,17,1,0.680261374
841,24,24,23,0.001275753,0.998724222,23,0,24,1,0.130115017
842,24,24,24,0.001488159,0.998511851,24,1,24,1,0.844035685
843,26,26,26,0.001526734,0.998473287,26,1,26,1,0.999991834
844,9,27,9,0.001527621,0.998472393,9,1,9,1,0.330266267
845,9,17,9,0.001491589,0.998508394,9,1,9,1,0.09992151
846,26,26,26,0.001249886,0.998750091,26,1,26,1,0.966184318
847,6,0,6,0.001271478,0.998728514,6,1,3,0,0.214926481
848,25,25,25,0.00107964,0.998920381,25,1,25,1,0.97574985
849,18,18,25,0.001085004,0.998915017,25,0,25,0,0.132010013
850,8,0,8,0.001182926,0.998817086,8,1,0,0,0.36858049
851,19,19,2,0.001038118,0.998961866,2,0,19,1,0.299579948
852,1,8,1,0.001136755,0.99886322,1,1,1,1,0.009922239
853,1,1,1,0.001001195,0.998998821,1,1,1,1,0.999659061
854,5,5,5,0.001000745,0.998999238,5,1,5,1,0.92437619
855,8,8,8,0.001000943,0.998999059,8,1,8,1,0.900093317
856,10,10,10,0.001024022,0.998975992,10,1,10,1,0.969814599
857,10,10,24,0.001039185,0.998960793,24,0,24,0,0.065446347
858,3,3,11,0.001216318,0.998783708,11,0,11,0,0.032068916
859,21,21,21,0.001451036,0.998548985,21,1,21,1,0.999918759
860,26,26,7,0.001448601,0.998551428,7,0,7,0,0.023874441
861,3,3,3,0.001805865,0.998194158,3,1,3,1,0.93933022
862,4,26,25,0.001851964,0.998148024,25,0,25,0,0.012468945
863,0,0,0,0.00207505,0.997924924,0,1,0,1,0.997154355
864,15,15,15,0.00206259,0.997937381,15,1,15,1,0.999999404
865,9,14,9,0.002062837,0.997937143,9,1,9,1,0.155025885
866,15,11,15,0.00171849,0.998281538,15,1,15,1,0.581322551
867,7,7,7,0.001647962,0.998352051,7,1,7,1,0.911126196
868,18,2,22,0.001610088,0.9983899,22,0,18,1,0.130348176
869,14,14,14,0.001531964,0.998468041,14,1,14,1,0.643965244
870,9,27,9,0.00160907,0.998390913,9,1,9,1,0.812791646
871,18,18,22,0.001536507,0.998463511,22,0,18,1,0.506089091
872,27,17,27,0.001642098,0.998357892,27,1,27,1,0.448310912
873,10,10,10,0.00154656,0.998453438,10,1,10,1,0.98735863
874,2,6,2,0.001579231,0.998420775,2,1,2,1,0.211923093
875,7,5,7,0.001449456,0.998550534,7,1,8,0,0.333694816
876,18,18,18,0.001363372,0.998636603,18,1,18,1,0.97543329
877,2,2,2,0.001371952,0.99862802,2,1,2,1,0.730711579
878,5,5,5,0.001434968,0.998565018,5,1,5,1,0.826097488
879,21,12,21,0.00139033,0.998609662,21,1,21,1,0.600828171
880,16,16,16,0.001367441,0.99863255,16,1,16,1,0.999990284
881,5,26,1,0.00136798,0.998632014,1,0,1,0,0.199461371
882,19,5,19,0.001323384,0.998676598,19,1,18,0,0.284915984
883,0,26,0,0.00111085,0.998889148,0,1,0,1,0.217688978
884,11,4,4,0.001000115,0.998999894,4,0,4,0,0.623541594
885,5,1,5,0.001087776,0.998912215,5,1,5,1,0.201799124
886,25,24,25,0.00100984,0.998990178,25,1,24,0,0.56002593
887,24,24,10,0.001032149,0.998967826,10,0,24,1,0.117483065
888,24,24,24,0.001155142,0.998844862,24,1,24,1,0.999410629
889,5,5,5,0.001160189,0.998839796,5,1,5,1,0.913617849
890,4,4,4,0.00112471,0.99887532,4,1,4,1,0.969969213
891,0,0,0,0.001101333,0.998898685,0,1,0,1,0.999995589
892,23,23,23,0.001101834,0.998898149,23,1,23,1,0.990472972
893,1,5,1,0.001104451,0.998895526,1,1,1,1,0.128776237
894,7,8,7,0.001007056,0.99899292,7,1,7,1,0.507826626
895,8,8,18,0.001001086,0.99899894,18,0,18,0,0.070662886
896,27,8,7,0.001232296,0.998767734,7,0,8,0,0.419949502
897,2,2,2,0.001202293,0.998797715,2,1,2,1,0.997833788
898,6,6,6,0.001206139,0.99879384,6,1,6,1,0.8801741
899,8,17,8,0.001231566,0.998768449,8,1,8,1,0.095712736
900,16,16,16,0.001052881,0.998947144,16,1,16,1,0.996086895
901,17,17,14,0.00104486,0.998955131,14,0,9,0,0.064244203
902,16,16,16,0.001230166,0.99876982,16,1,16,1,0.998528123
903,23,18,23,0.001234756,0.99876523,23,1,23,1,0.502182364
904,1,1,1,0.001245816,0.998754203,1,1,1,1,0.887962818
905,1,1,1,0.001286294,0.998713732,1,1,1,1,0.999808371
906,3,4,3,0.001285446,0.998714566,3,1,3,1,0.071481228
907,8,8,8,0.001146897,0.998853087,8,1,8,1,0.79691416
908,16,16,16,0.001181149,0.998818874,16,1,16,1,0.998446047
909,0,0,0,0.001187708,0.998812318,0,1,0,1,0.999997616
910,1,26,1,0.0011875,0.998812497,1,1,1,1,0.637950361
911,18,18,18,0.001130398,0.998869598,18,1,18,1,0.741817713
912,9,9,9,0.001083692,0.998916328,9,1,9,1,0.911202788
913,16,16,16,0.00105049,0.998949528,16,1,16,1,0.848887265
914,17,26,17,0.001005728,0.998994291,17,1,17,1,0.381907195
915,9,12,16,0.001012057,0.998987973,16,0,19,0,0.126599386
916,15,15,15,0.00112592,0.998874068,15,1,15,1,0.963818014
917,7,7,27,0.001145877,0.998854101,27,0,7,1,0.822185695
918,8,8,8,0.001168702,0.998831272,8,1,8,1,0.998520195
919,23,23,23,0.001165153,0.998834848,23,1,23,1,0.438812792
920,3,3,6,0.0011465,0.998853505,6,0,6,0,0.948874176
921,27,27,9,0.001167562,0.998832464,9,0,9,0,0.737815857
922,6,6,6,0.00120468,0.998795331,6,1,6,1,0.941649318
923,20,20,4,0.001179227,0.998820782,4,0,4,0,0.426022261
924,24,24,24,0.001295079,0.99870491,24,1,24,1,0.998395383
925,18,18,22,0.001301186,0.998698831,22,0,18,1,0.363341987
926,26,26,26,0.0014104,0.998589575,26,1,26,1,0.984747529
927,25,25,23,0.001442656,0.998557329,23,0,25,1,0.580343127
928,24,24,24,0.001547732,0.998452246,24,1,24,1,0.985950708
929,12,5,16,0.001558966,0.998441041,16,0,16,0,0.245549828
930,10,10,10,0.001459487,0.998540521,10,1,10,1,0.997857034
931,17,17,17,0.001463463,0.998536527,17,1,17,1,0.875418723
932,15,15,15,0.001439803,0.99856019,15,1,15,1,0.999714494
933,11,11,16,0.001443198,0.998556793,16,0,16,0,0.028758613
934,26,1,26,0.001840142,0.998159885,26,1,26,1,0.064691529
935,7,7,7,0.001615105,0.998384893,7,1,7,1,0.988288164
936,8,8,8,0.00159473,0.998405278,8,1,8,1,0.699180663
937,2,3,2,0.001509453,0.998490572,2,1,2,1,0.070331603
938,27,27,9,0.001249844,0.99875015,9,0,9,0,0.266767532
939,21,21,21,0.00151295,0.998487055,21,1,21,1,0.999954283
940,26,8,26,0.001511716,0.998488307,26,1,27,0,0.200434148
941,6,0,6,0.001205733,0.998794258,6,1,6,1,0.096473694
942,26,26,26,0.00102259,0.998977423,26,1,26,1,0.994094849
943,0,0,0,0.001030164,0.998969853,0,1,0,1,0.999988258
944,7,8,12,0.001029739,0.99897027,12,0,12,0,0.102019675
945,14,14,14,0.001188704,0.998811305,14,1,14,1,0.91112411
946,6,15,3,0.001163835,0.99883616,3,0,6,1,0.155611783
947,27,8,27,0.001115125,0.998884857,27,1,27,1,0.251732707
948,16,16,16,0.001015651,0.998984337,16,1,16,1,0.994981349
949,18,18,19,0.001023805,0.998976171,19,0,18,1,0.421834171
950,11,11,24,0.001090335,0.998909652,24,0,24,0,0.072931319
951,24,24,24,0.00127027,0.998729706,24,1,24,1,0.918624282
952,19,19,19,0.001293519,0.99870646,19,1,19,1,0.817913115
953,24,24,24,0.001324575,0.998675406,24,1,24,1,0.995075762
954,21,21,21,0.001331378,0.998668611,21,1,21,1,0.999892235
955,20,11,11,0.001329109,0.998670876,11,0,11,0,0.705177367
956,21,21,21,0.001209732,0.998790264,21,1,21,1,0.999998987
957,27,9,27,0.001209858,0.998790145,27,1,9,0,0.172081903
958,11,11,4,0.001007717,0.998992264,4,0,4,0,0.562811375
959,1,1,1,0.001176827,0.998823166,1,1,1,1,0.982694685
960,16,16,16,0.001150894,0.998849094,16,1,16,1,0.999988317
961,15,15,15,0.001150602,0.998849392,15,1,15,1,0.987738073
962,27,27,27,0.001166488,0.998833537,27,1,27,1,0.90655309
963,26,26,26,0.00113592,0.998864055,26,1,26,1,0.999999225
964,10,10,10,0.001135777,0.998864233,10,1,10,1,0.999996781
965,25,25,18,0.001135525,0.998864472,18,0,18,0,0.261398375
966,21,21,22,0.001339781,0.998660207,22,0,22,0,0.062008105
967,23,18,23,0.001587458,0.998412549,23,1,23,1,0.758213162
968,3,3,6,0.001572093,0.998427927,6,0,6,0,0.560892344
969,27,27,9,0.001661535,0.998338461,9,0,9,0,0.130953923
970,15,11,15,0.001912259,0.998087764,15,1,15,1,0.237918705
971,19,19,19,0.001752735,0.998247266,19,1,19,1,0.999447048
972,0,0,0,0.001754112,0.998245895,0,1,0,1,0.996639311
973,7,1,0,0.001734864,0.998265147,0,0,7,1,0.351640701
974,16,16,16,0.001792427,0.998207569,16,1,16,1,0.998156548
975,8,8,8,0.001799678,0.998200297,8,1,8,1,0.999932706
976,15,15,15,0.001796889,0.998203099,15,1,15,1,0.999995649
977,3,15,3,0.001797132,0.99820286,3,1,3,1,0.138171658
978,1,8,1,0.001581,0.998418987,1,1,1,1,0.009737825
979,22,18,25,0.001199103,0.998800874,25,0,25,0,0.061905976
980,8,8,8,0.001585405,0.998414576,8,1,8,1,0.993965864
981,18,18,16,0.001562649,0.998437345,16,0,16,0,0.012764265
982,23,23,23,0.002169599,0.997830391,23,1,23,1,0.467028469
983,17,9,27,0.002178487,0.99782151,27,0,27,0,0.752656758
984,18,18,25,0.002072514,0.997927487,25,0,18,1,0.199836567
985,6,15,24,0.002246263,0.997753739,24,0,15,0,0.052378606
986,4,4,3,0.002452874,0.99754715,3,0,3,0,0.136069328
987,4,4,4,0.002849441,0.99715054,4,1,4,1,0.958305895
988,1,1,1,0.002889527,0.997110486,1,1,1,1,0.758101344
989,5,5,5,0.002742121,0.997257888,5,1,5,1,0.982112765
990,23,23,23,0.002714437,0.997285545,23,1,23,1,0.996712089
991,16,16,16,0.002698661,0.99730134,16,1,16,1,0.988452494
992,11,20,11,0.002719013,0.997281015,11,1,11,1,0.82674861
993,1,5,1,0.002695198,0.997304797,1,1,18,0,0.043997258
994,25,25,25,0.002181744,0.997818232,25,1,25,1,0.899934828
995,26,8,7,0.002228459,0.997771561,7,0,8,0,0.223789185
996,1,7,1,0.002335711,0.997664273,1,1,1,1,0.014808696
997,22,2,22,0.001829185,0.998170793,22,1,2,0,0.497821689
998,14,14,14,0.001685386,0.998314619,14,1,14,1,0.95808959
999,9,17,27,0.00165597,0.998344004,27,0,27,0,0.358561099
1000,15,15,15,0.001705555,0.998294473,15,1,15,1,0.951956749
1001,15,15,15,0.001677095,0.998322904,15,1,15,1,0.999995708
1002,2,2,2,0.001677614,0.998322368,2,1,2,1,0.999636173
1003,17,17,27,0.001679429,0.99832058,27,0,17,1,0.265666008
1004,9,27,14,0.001844039,0.998155951,14,0,14,0,0.156946167
1005,26,26,26,0.001740103,0.998259902,26,1,26,1,0.999999881
1006,8,9,12,0.001740105,0.998259902,12,0,8,1,0.058239676
1007,4,4,4,0.001641685,0.998358309,4,1,4,1,0.947366297
1008,22,22,2,0.001647119,0.998352885,2,0,25,0,0.385115057
1009,11,15,11,0.001835573,0.998164415,11,1,11,1,0.076124623
1010,24,24,24,0.001610621,0.998389363,24,1,24,1,0.998757243
1011,10,10,10,0.001619082,0.998380899,10,1,10,1,0.999938369
1012,21,21,21,0.001616569,0.998383403,21,1,21,1,0.94086206
1013,20,20,15,0.001641571,0.998358428,15,0,15,0,0.188885406
1014,21,21,21,0.001823075,0.998176932,21,1,21,1,0.910742104
1015,15,15,15,0.001851575,0.998148441,15,1,15,1,0.999930143
1016,5,5,5,0.001852343,0.998147666,5,1,5,1,0.737671077
1017,24,24,10,0.001771813,0.998228192,10,0,24,1,0.128924102
1018,5,12,5,0.001971082,0.998028934,5,1,5,1,0.198251158
1019,1,6,1,0.001766599,0.998233378,1,1,1,1,0.171324104
1020,4,4,22,0.001546823,0.9984532,22,0,22,0,0.030074941
1021,17,17,17,0.001912626,0.998087347,17,1,17,1,0.713441253
1022,10,10,10,0.001814367,0.998185635,10,1,10,1,0.999969423
1023,22,25,22,0.00181541,0.998184562,22,1,25,0,0.568856299
1024,13,13,13,0.001487156,0.998512864,13,1,13,1,0.988955438
1025,2,21,22,0.001496043,0.998503983,22,0,22,0,0.036817327
1026,16,16,16,0.001291542,0.998708487,16,1,16,1,0.99996233
1027,8,26,8,0.001292409,0.998707592,8,1,16,0,0.129922822
1028,27,27,27,0.001136191,0.998863816,27,1,27,1,0.970496893
1029,11,11,15,0.001151981,0.998848021,15,0,11,1,0.270162493
1030,20,20,11,0.001232062,0.998767912,11,0,20,1,0.672441185
1031,9,27,14,0.001277594,0.998722434,14,0,14,0,0.099872015
1032,26,26,26,0.001352499,0.998647511,26,1,26,1,0.999999821
1033,11,21,23,0.001352469,0.998647511,23,0,23,0,0.096014269
1034,10,10,10,0.001223619,0.998776376,10,1,10,1,0.919147611
1035,21,21,21,0.001246477,0.998753548,21,1,21,1,0.949037254
1036,6,6,21,0.001265327,0.998734653,21,0,6,1,0.130245015
1037,10,10,25,0.0014203,0.998579681,25,0,10,1,0.066580892
1038,2,22,2,0.001668369,0.998331606,2,1,2,1,0.197607338
1039,2,22,2,0.001518008,0.998481989,2,1,2,1,0.208752081
1040,17,17,27,0.001330071,0.998669922,27,0,27,0,0.434323519
1041,0,0,0,0.001477931,0.998522043,0,1,0,1,0.998934865
1042,0,0,0,0.001470357,0.998529673,0,1,0,1,0.99979043
1043,12,12,19,0.001467881,0.998532116,19,0,2,0,0.446211249
1044,15,15,15,0.001598632,0.998401344,15,1,15,1,0.996006429
1045,21,21,21,0.001607151,0.99839282,21,1,21,1,0.924572706
1046,4,4,4,0.00156513,0.998434842,4,1,4,1,0.999688804
1047,8,4,24,0.001563768,0.998436213,24,0,24,0,0.002647869
1048,3,3,3,0.001247179,0.998752832,3,1,3,1,0.984249115
1049,3,3,6,0.001264505,0.998735487,6,0,3,1,0.538199365
1050,25,25,22,0.001330139,0.998669863,22,0,25,1,0.541510999
1051,25,25,25,0.001411978,0.998588026,25,1,25,1,0.984322309
1052,12,17,16,0.001401251,0.998598754,16,0,16,0,0.177571893
1053,9,9,9,0.001311607,0.9986884,9,1,9,1,0.999766469
1054,18,18,22,0.001310161,0.99868983,22,0,18,1,0.050440881
1055,7,7,27,0.0015496,0.998450398,27,0,9,0,0.074771844
1056,7,26,14,0.001858661,0.998141348,14,0,26,0,0.460887462
1057,17,8,27,0.001850626,0.998149395,27,0,27,0,0.223328069
1058,25,25,25,0.001698719,0.998301268,25,1,25,1,0.970201492
1059,24,24,24,0.001721192,0.998278797,24,1,24,1,0.997731447
1060,13,13,13,0.001727526,0.998272479,13,1,13,1,0.965438843
1061,17,17,16,0.001755088,0.998244941,16,0,16,0,0.001605381
1062,19,19,5,0.002468543,0.997531474,5,0,5,0,0.513628662
1063,6,3,6,0.002621769,0.99737823,6,1,3,0,0.238191158
1064,27,27,27,0.002167125,0.997832894,27,1,27,1,0.997324288
1065,25,22,25,0.002167795,0.997832179,25,1,25,1,0.286518455
1066,5,7,5,0.001952742,0.998047233,5,1,5,1,0.478075713
1067,19,19,19,0.001846969,0.998153031,19,1,19,1,0.998382926
1068,7,7,7,0.001853352,0.998146653,7,1,7,1,0.962732375
1069,4,4,4,0.001873796,0.998126209,4,1,4,1,0.991731286
1070,15,15,15,0.001884856,0.998115122,15,1,15,1,0.999992847
1071,23,23,23,0.001883618,0.998116374,23,1,23,1,0.998196542
1072,10,10,10,0.001883083,0.99811691,10,1,10,1,0.9999547
1073,4,4,4,0.001884304,0.998115718,4,1,4,1,0.977790952
1074,21,21,21,0.001905584,0.99809444,21,1,21,1,0.998963594
1075,0,0,0,0.001910389,0.998089612,0,1,0,1,0.999977946
1076,17,17,17,0.00190947,0.998090506,17,1,17,1,0.999978542
1077,22,22,22,0.001909007,0.998090982,22,1,25,0,0.642558098
1078,5,5,5,0.002032221,0.99796778,5,1,5,1,0.998841882
1079,0,0,0,0.002024713,0.99797529,0,1,0,1,0.999860585
1080,1,2,10,0.002024196,0.997975826,10,0,10,0,0.019817987
1081,14,14,14,0.00252183,0.997478187,14,1,14,1,0.763805091
1082,27,7,27,0.00247455,0.997525454,27,1,27,1,0.052606221
1083,4,4,13,0.002066461,0.997933567,13,0,4,1,0.449143022
1084,24,24,10,0.002166902,0.997833073,10,0,24,1,0.076855622
1085,15,15,15,0.002471711,0.997528315,15,1,15,1,0.984459996
1086,18,18,18,0.00251074,0.997489274,18,1,18,1,0.957305372
1087,10,10,10,0.002516683,0.997483313,10,1,10,1,0.874844313
1088,10,10,10,0.002604201,0.997395813,10,1,10,1,0.929814935
1089,20,15,24,0.002666253,0.997333765,24,0,24,0,0.031804968
1090,21,21,21,0.002460239,0.997539759,21,1,21,1,1
1091,11,11,13,0.002460278,0.997539699,13,0,13,0,0.101006933
1092,13,21,4,0.002719071,0.997280955,4,0,4,0,0.242171243
1093,10,10,10,0.002506545,0.997493446,10,1,10,1,0.988558412
1094,12,12,12,0.002471888,0.997528136,12,1,12,1,0.981370211
1095,11,11,11,0.002436519,0.997563481,11,1,11,1,0.973118246
1096,3,3,3,0.002467969,0.99753201,3,1,3,1,0.938286901
1097,13,6,21,0.002520393,0.997479618,21,0,21,0,0.062704392
1098,5,1,5,0.002360738,0.997639239,5,1,5,1,0.109706238
1099,27,27,27,0.002080174,0.997919798,27,1,27,1,0.897736967
1100,12,1,12,0.002018823,0.997981191,12,1,12,1,0.013969537
1101,14,14,14,0.001514425,0.998485565,14,1,14,1,0.984885573
1102,2,2,2,0.001505279,0.998494744,2,1,2,1,0.858337998
1103,9,9,27,0.001456775,0.998543203,27,0,9,1,0.693266928
1104,8,8,8,0.001513047,0.998486936,8,1,8,1,0.861012876
1105,17,17,17,0.001471425,0.9985286,17,1,17,1,0.917879105
1106,26,26,26,0.001519202,0.998480797,26,1,26,1,0.747428
1107,17,27,17,0.001469568,0.998530447,17,1,17,1,0.948870957
1108,12,26,12,0.001445117,0.998554885,12,1,12,1,0.44118005
1109,8,26,8,0.00133877,0.99866122,8,1,8,1,0.105916739
1110,19,1,12,0.001171632,0.998828351,12,0,12,0,0.269883543
1111,22,22,16,0.001131754,0.998868227,16,0,25,0,0.016840868
1112,9,9,9,0.001419766,0.998580217,9,1,9,1,0.983282983
1113,26,26,8,0.001419079,0.998580933,8,0,8,0,0.060054604
1114,3,4,6,0.001942036,0.998057961,6,0,6,0,0.098831944
1115,7,7,7,0.001889375,0.998110652,7,1,7,1,0.998134911
1116,9,9,9,0.00189441,0.998105586,9,1,9,1,0.999148548
1117,11,11,11,0.001891113,0.998108864,11,1,20,0,0.964033842
1118,27,17,17,0.001906364,0.998093665,17,0,17,0,0.998051226
1119,5,5,5,0.001849896,0.99815011,5,1,5,1,0.998478949
1120,21,21,6,0.001837949,0.998162031,6,0,6,0,0.06249249
1121,7,7,7,0.00213256,0.997867465,7,1,7,1,0.998661458
1122,12,7,12,0.002137891,0.997862101,12,1,12,1,0.263614208
1123,20,20,20,0.001917912,0.998082101,20,1,20,1,0.929753542
1124,1,1,1,0.001896449,0.998103559,1,1,1,1,0.999946475
1125,14,14,14,0.001899186,0.998100817,14,1,14,1,0.773243308
1126,4,5,4,0.002012289,0.997987688,4,1,4,1,0.025323251
1127,8,8,8,0.001503674,0.998496354,8,1,8,1,0.979378104
1128,15,15,15,0.001488182,0.998511791,15,1,15,1,0.996434569
1129,3,3,6,0.001495118,0.998504877,6,0,6,0,0.714765072
1130,2,5,2,0.001539174,0.998460829,2,1,2,1,0.367955506
1131,16,16,25,0.001380859,0.998619139,25,0,25,0,0.00687205
1132,6,21,24,0.001784997,0.99821502,24,0,4,0,0.187106729
1133,6,6,11,0.001961276,0.998038709,11,0,11,0,0.002941525
1134,10,10,10,0.002658653,0.997341335,10,1,10,1,0.99145782
1135,17,17,17,0.002638805,0.997361183,17,1,17,1,0.74890697
1136,0,0,0,0.002529639,0.997470379,0,1,0,1,0.836685896
1137,7,7,7,0.002433401,0.997566581,7,1,7,1,0.915483356
1138,0,0,0,0.002461124,0.997538865,0,1,0,1,0.99956274
1139,11,11,15,0.00245738,0.99754262,15,0,4,0,0.259750843
1140,24,24,24,0.002629909,0.997370064,24,1,24,1,0.998165965
1141,1,1,1,0.00263857,0.997361422,1,1,1,1,0.945538104
1142,17,27,17,0.002625172,0.997374833,17,1,17,1,0.333877027
1143,2,6,2,0.002403025,0.997596979,2,1,2,1,0.003265165
1144,11,9,11,0.001772763,0.998227239,11,1,11,1,0.00642566
1145,9,5,9,0.001343751,0.998656273,9,1,9,1,0.011936246
1146,7,12,26,0.001067076,0.998932898,26,0,12,0,0.529029489
1147,9,5,17,0.001103375,0.998896599,17,0,17,0,0.032450523
1148,3,3,3,0.001125535,0.998874485,3,1,3,1,0.999004424
1149,5,1,18,0.00112394,0.998876035,18,0,1,0,0.568919301
1150,18,23,25,0.001071739,0.998928249,25,0,23,0,0.164699644
1151,24,24,4,0.001164957,0.998835027,4,0,24,1,0.067347936
1152,6,6,6,0.001373682,0.998626292,6,1,6,1,0.776330352
1153,7,8,8,0.001367844,0.998632133,8,0,8,0,0.786485732
1154,15,15,15,0.001562138,0.998437881,15,1,15,1,0.999235272
1155,10,10,10,0.001557639,0.998442352,10,1,10,1,0.999171555
1156,16,10,25,0.001563673,0.998436332,25,0,10,0,0.454898268
1157,0,0,0,0.001488049,0.99851197,0,1,0,1,0.757535756
1158,12,1,19,0.001413897,0.998586118,19,0,5,0,0.130845159
1159,18,2,22,0.001544998,0.998454988,22,0,2,0,0.177862406
1160,4,4,4,0.001637698,0.998362303,4,1,4,1,0.817960203
1161,13,13,13,0.001698177,0.998301804,13,1,13,1,0.998435676
1162,15,15,15,0.001701569,0.998298407,15,1,15,1,0.720407963
1163,9,14,27,0.001770276,0.998229742,27,0,9,1,0.614617229
1164,15,15,20,0.001725886,0.998274088,20,0,11,0,0.435423493
1165,15,15,15,0.001942848,0.998057127,15,1,15,1,0.999695897
1166,14,26,17,0.001935942,0.998064041,17,0,9,0,0.16262421
1167,21,21,21,0.001513781,0.998486221,21,1,21,1,0.999998271
1168,3,3,3,0.001513695,0.99848628,3,1,3,1,0.936261296
1169,17,17,17,0.001552011,0.998448014,17,1,17,1,0.973149359
1170,17,17,17,0.001573408,0.998426616,17,1,17,1,0.998695612
1171,14,26,14,0.001576619,0.998423398,14,1,9,0,0.201029211
1172,14,14,14,0.0014253,0.998574674,14,1,14,1,0.990646362
1173,24,24,10,0.001416067,0.998583913,10,0,24,1,0.659964502
1174,21,20,6,0.001472248,0.998527765,6,0,6,0,0.379397959
1175,9,27,9,0.001599513,0.998400509,9,1,9,1,0.240309581
1176,0,0,16,0.001451026,0.998548985,16,0,16,0,0.003877826
1177,14,9,14,0.002041122,0.997958899,14,1,14,1,0.060386684
1178,18,18,22,0.001678523,0.998321474,22,0,18,1,0.321536213
1179,8,8,9,0.001825133,0.998174846,9,0,9,0,0.008736893
1180,3,3,3,0.002434148,0.997565866,3,1,3,1,0.980265498
1181,17,17,17,0.00245762,0.997542381,17,1,17,1,0.997812271
1182,6,6,6,0.002452173,0.997547805,6,1,6,1,0.912302911
1183,0,0,0,0.002410084,0.997589886,0,1,0,1,0.914048612
1184,19,19,19,0.002466177,0.997533798,19,1,19,1,0.903119326
1185,27,27,0,0.00241999,0.997579992,0,0,0,0,0.392917216
1186,8,8,8,0.002592045,0.997407973,8,1,8,1,0.999982238
1187,9,27,27,0.00258996,0.997410059,27,0,27,0,0.996319473
1188,8,8,8,0.002515448,0.997484565,8,1,8,1,0.955080926
1189,21,21,6,0.002471685,0.997528315,6,0,21,1,0.378967643
1190,24,24,24,0.002694212,0.99730581,24,1,24,1,0.962833464
1191,12,12,12,0.002753323,0.997246683,12,1,12,1,0.935563922
1192,6,6,6,0.002742901,0.997257113,6,1,6,1,0.717284501
1193,21,21,21,0.002759554,0.997240424,21,1,21,1,0.983234525
1194,5,5,5,0.002713318,0.997286677,5,1,5,1,0.999997377
1195,23,23,23,0.002712844,0.997287154,23,1,23,1,0.721199512
1196,26,7,7,0.002615181,0.997384846,7,0,7,0,0.848160207
1197,3,3,3,0.002214151,0.997785866,3,1,3,1,0.902815521
1198,27,27,27,0.002249769,0.997750223,27,1,27,1,0.991643131
1199,0,0,0,0.002243665,0.997756362,0,1,0,1,1
1200,5,1,5,0.002243629,0.997756362,5,1,5,1,0.679058909
1201,3,3,3,0.002141627,0.997858346,3,1,3,1,0.742068529
1202,1,5,1,0.002216543,0.997783482,1,1,1,1,0.582711637
1203,0,0,0,0.002121174,0.99787885,0,1,0,1,0.992436826
1204,17,17,27,0.002107364,0.997892618,27,0,17,1,0.609270453
1205,14,14,14,0.002198567,0.997801423,14,1,14,1,0.97150296
1206,12,7,8,0.002166998,0.997833014,8,0,8,0,0.140274137
1207,13,13,13,0.001593077,0.998406947,13,1,13,1,0.777082264
1208,2,2,22,0.001679144,0.998320878,22,0,18,0,0.221814021
1209,6,6,3,0.001925521,0.998074472,3,0,3,0,0.364079475
1210,5,1,1,0.002111058,0.997888923,1,0,1,0,0.998996139
1211,13,4,13,0.002197578,0.997802436,13,1,13,1,0.007869861
1212,17,4,14,0.001624766,0.998375237,14,0,14,0,0.069710881
1213,2,2,2,0.001754755,0.998245239,2,1,2,1,0.992755473
1214,6,12,6,0.001738548,0.998261452,6,1,6,1,0.134000555
1215,14,17,14,0.001541553,0.998458445,14,1,14,1,0.210165173
1216,1,1,1,0.001396694,0.998603284,1,1,1,1,0.993281186
1217,2,2,2,0.00139032,0.998609662,2,1,2,1,0.99704653
1218,10,10,10,0.001376614,0.998623371,10,1,10,1,0.999993742
1219,14,17,14,0.001376832,0.998623192,14,1,14,1,0.563240588
1220,0,0,0,0.001306321,0.998693705,0,1,0,1,0.838591516
1221,9,27,9,0.001260584,0.998739421,9,1,9,1,0.16739963
1222,27,27,27,0.001129583,0.998870432,27,1,27,1,0.977070272
1223,22,22,25,0.001116581,0.998883426,25,0,25,0,0.637301147
1224,4,4,4,0.001156146,0.998843849,4,1,4,1,0.743331909
1225,19,19,19,0.001203643,0.998796344,19,1,19,1,0.985675991
1226,16,16,16,0.001216835,0.998783171,16,1,16,1,0.977634072
1227,2,2,2,0.001226819,0.998773158,2,1,2,1,0.922570348
1228,2,2,2,0.001193083,0.998806894,2,1,2,1,0.993075907
1229,6,3,11,0.001187173,0.998812854,11,0,11,0,0.010468573
1230,0,0,0,0.00142638,0.998573601,0,1,0,1,0.891361654
1231,21,21,21,0.001480934,0.998519063,21,1,21,1,0.999985754
1232,12,8,12,0.001481561,0.998518467,12,1,12,1,0.091765948
1233,5,5,5,0.001251249,0.998748779,5,1,5,1,0.981822789
1234,11,2,20,0.001257272,0.9987427,20,0,11,1,0.068659142
1235,27,27,27,0.001045649,0.998954356,27,1,27,1,0.96637398
1236,11,11,4,0.001027539,0.998972476,4,0,4,0,0.395828426
1237,11,11,4,0.001136762,0.99886322,4,0,13,0,0.295552492
1238,1,1,18,0.001273116,0.998726904,18,0,1,1,0.19007349
1239,19,19,19,0.001424649,0.99857533,19,1,19,1,0.961122572
1240,13,13,13,0.001410382,0.998589635,13,1,13,1,0.719687641
1241,9,9,9,0.00146579,0.998534203,9,1,9,1,0.739994824
1242,0,0,0,0.001405407,0.998594582,0,1,0,1,0.998144031