round,modality,class_id,acc,support
0,fusion,0,0.0,0
0,fusion,1,0.0,0
0,fusion,2,0.0,0
0,fusion,3,0.0,0
0,fusion,4,0.0,1
0,fusion,5,0.0,0
0,fusion,6,0.0,0
0,fusion,7,0.0,0
0,fusion,8,0.0,0
0,fusion,9,0.0,0
0,fusion,10,0.0,0
0,fusion,11,0.0,0
0,fusion,12,0.0,0
0,fusion,13,0.0,0
0,fusion,14,0.0,0
0,fusion,15,0.0,0
0,fusion,16,0.0,0
0,fusion,17,0.0,0
0,fusion,18,0.0,0
0,fusion,19,0.0,0
0,fusion,20,0.0,0
0,fusion,21,0.0,0
0,fusion,22,0.0,0
0,fusion,23,0.0,0
0,fusion,24,0.0,0
0,fusion,25,0.0,0
0,fusion,26,0.0,0
0,fusion,27,0.0,0

0,agent_0,0,0.0,0
0,agent_0,1,0.0,0
0,agent_0,2,0.0,0
0,agent_0,3,0.0,0
0,agent_0,4,1.0,1
0,agent_0,5,0.0,0
0,agent_0,6,0.0,0
0,agent_0,7,0.0,0
0,agent_0,8,0.0,0
0,agent_0,9,0.0,0
0,agent_0,10,0.0,0
0,agent_0,11,0.0,0
0,agent_0,12,0.0,0
0,agent_0,13,0.0,0
0,agent_0,14,0.0,0
0,agent_0,15,0.0,0
0,agent_0,16,0.0,0
0,agent_0,17,0.0,0
0,agent_0,18,0.0,0
0,agent_0,19,0.0,0
0,agent_0,20,0.0,0
0,agent_0,21,0.0,0
0,agent_0,22,0.0,0
0,agent_0,23,0.0,0
0,agent_0,24,0.0,0
0,agent_0,25,0.0,0
0,agent_0,26,0.0,0
0,agent_0,27,0.0,0

0,agent_1,0,0.0,0
0,agent_1,1,0.0,0
0,agent_1,2,0.0,0
0,agent_1,3,0.0,0
0,agent_1,4,1.0,1
0,agent_1,5,0.0,0
0,agent_1,6,0.0,0
0,agent_1,7,0.0,0
0,agent_1,8,0.0,0
0,agent_1,9,0.0,0
0,agent_1,10,0.0,0
0,agent_1,11,0.0,0
0,agent_1,12,0.0,0
0,agent_1,13,0.0,0
0,agent_1,14,0.0,0
0,agent_1,15,0.0,0
0,agent_1,16,0.0,0
0,agent_1,17,0.0,0
0,agent_1,18,0.0,0
0,agent_1,19,0.0,0
0,agent_1,20,0.0,0
0,agent_1,21,0.0,0
0,agent_1,22,0.0,0
0,agent_1,23,0.0,0
0,agent_1,24,0.0,0
0,agent_1,25,0.0,0
0,agent_1,26,0.0,0
0,agent_1,27,0.0,0

100,fusion,0,0.25,8
100,fusion,1,0.0,5
100,fusion,2,0.0,7
100,fusion,3,0.0,3
100,fusion,4,0.0,3
100,fusion,5,0.0,7
100,fusion,6,0.75,8
100,fusion,7,0.0,4
100,fusion,8,0.1111111111111111,9
100,fusion,9,0.0,6
100,fusion,10,0.0,3
100,fusion,11,0.0,5
100,fusion,12,0.0,0
100,fusion,13,0.0,2
100,fusion,14,0.0,1
100,fusion,15,0.0,4
100,fusion,16,0.3333333333333333,6
100,fusion,17,0.0,2
100,fusion,18,0.0,2
100,fusion,19,0.0,0
100,fusion,20,0.0,0
100,fusion,21,0.0,3
100,fusion,22,0.0,2
100,fusion,23,0.0,2
100,fusion,24,0.0,5
100,fusion,25,0.0,0
100,fusion,26,0.6666666666666666,3
100,fusion,27,0.0,1

100,agent_0,0,1.0,8
100,agent_0,1,1.0,5
100,agent_0,2,1.0,7
100,agent_0,3,1.0,3
100,agent_0,4,1.0,3
100,agent_0,5,1.0,7
100,agent_0,6,1.0,8
100,agent_0,7,1.0,4
100,agent_0,8,1.0,9
100,agent_0,9,1.0,6
100,agent_0,10,1.0,3
100,agent_0,11,1.0,5
100,agent_0,12,0.0,0
100,agent_0,13,1.0,2
100,agent_0,14,1.0,1
100,agent_0,15,1.0,4
100,agent_0,16,1.0,6
100,agent_0,17,1.0,2
100,agent_0,18,1.0,2
100,agent_0,19,0.0,0
100,agent_0,20,0.0,0
100,agent_0,21,1.0,3
100,agent_0,22,1.0,2
100,agent_0,23,1.0,2
100,agent_0,24,1.0,5
100,agent_0,25,0.0,0
100,agent_0,26,1.0,3
100,agent_0,27,1.0,1

100,agent_1,0,0.875,8
100,agent_1,1,1.0,5
100,agent_1,2,0.7142857142857143,7
100,agent_1,3,0.3333333333333333,3
100,agent_1,4,1.0,3
100,agent_1,5,1.0,7
100,agent_1,6,0.875,8
100,agent_1,7,0.75,4
100,agent_1,8,1.0,9
100,agent_1,9,0.8333333333333334,6
100,agent_1,10,0.6666666666666666,3
100,agent_1,11,0.6,5
100,agent_1,12,0.0,0
100,agent_1,13,1.0,2
100,agent_1,14,1.0,1
100,agent_1,15,1.0,4
100,agent_1,16,1.0,6
100,agent_1,17,1.0,2
100,agent_1,18,1.0,2
100,agent_1,19,0.0,0
100,agent_1,20,0.0,0
100,agent_1,21,0.6666666666666666,3
100,agent_1,22,0.5,2
100,agent_1,23,1.0,2
100,agent_1,24,1.0,5
100,agent_1,25,0.0,0
100,agent_1,26,1.0,3
100,agent_1,27,0.0,1

200,fusion,0,0.2222222222222222,9
200,fusion,1,0.0,10
200,fusion,2,0.3076923076923077,13
200,fusion,3,0.2,10
200,fusion,4,0.0,8
200,fusion,5,0.0,12
200,fusion,6,0.8181818181818182,11
200,fusion,7,0.25,8
200,fusion,8,0.25,12
200,fusion,9,0.0,9
200,fusion,10,0.2727272727272727,11
200,fusion,11,0.0,6
200,fusion,12,0.0,0
200,fusion,13,0.0,2
200,fusion,14,0.0,4
200,fusion,15,0.18181818181818182,11
200,fusion,16,0.36363636363636365,11
200,fusion,17,0.3333333333333333,6
200,fusion,18,0.0,5
200,fusion,19,0.0,4
200,fusion,20,0.0,3
200,fusion,21,0.0,7
200,fusion,22,0.0,4
200,fusion,23,0.0,2
200,fusion,24,0.2222222222222222,9
200,fusion,25,0.0,2
200,fusion,26,0.7777777777777778,9
200,fusion,27,0.0,3

200,agent_0,0,1.0,9
200,agent_0,1,1.0,10
200,agent_0,2,1.0,13
200,agent_0,3,1.0,10
200,agent_0,4,1.0,8
200,agent_0,5,1.0,12
200,agent_0,6,1.0,11
200,agent_0,7,1.0,8
200,agent_0,8,1.0,12
200,agent_0,9,1.0,9
200,agent_0,10,1.0,11
200,agent_0,11,1.0,6
200,agent_0,12,0.0,0
200,agent_0,13,1.0,2
200,agent_0,14,1.0,4
200,agent_0,15,1.0,11
200,agent_0,16,1.0,11
200,agent_0,17,1.0,6
200,agent_0,18,1.0,5
200,agent_0,19,1.0,4
200,agent_0,20,1.0,3
200,agent_0,21,1.0,7
200,agent_0,22,1.0,4
200,agent_0,23,1.0,2
200,agent_0,24,1.0,9
200,agent_0,25,1.0,2
200,agent_0,26,1.0,9
200,agent_0,27,1.0,3

200,agent_1,0,0.8888888888888888,9
200,agent_1,1,0.9,10
200,agent_1,2,0.7692307692307693,13
200,agent_1,3,0.5,10
200,agent_1,4,0.75,8
200,agent_1,5,1.0,12
200,agent_1,6,0.9090909090909091,11
200,agent_1,7,0.875,8
200,agent_1,8,1.0,12
200,agent_1,9,0.7777777777777778,9
200,agent_1,10,0.9090909090909091,11
200,agent_1,11,0.5,6
200,agent_1,12,0.0,0
200,agent_1,13,1.0,2
200,agent_1,14,1.0,4
200,agent_1,15,1.0,11
200,agent_1,16,0.9090909090909091,11
200,agent_1,17,0.8333333333333334,6
200,agent_1,18,0.8,5
200,agent_1,19,1.0,4
200,agent_1,20,0.6666666666666666,3
200,agent_1,21,0.8571428571428571,7
200,agent_1,22,0.75,4
200,agent_1,23,1.0,2
200,agent_1,24,0.8888888888888888,9
200,agent_1,25,1.0,2
200,agent_1,26,0.8888888888888888,9
200,agent_1,27,0.6666666666666666,3

300,fusion,0,0.35714285714285715,14
300,fusion,1,0.45,20
300,fusion,2,0.47058823529411764,17
300,fusion,3,0.25,12
300,fusion,4,0.07692307692307693,13
300,fusion,5,0.0,12
300,fusion,6,0.8333333333333334,12
300,fusion,7,0.5714285714285714,14
300,fusion,8,0.3333333333333333,15
300,fusion,9,0.0,11
300,fusion,10,0.38461538461538464,13
300,fusion,11,0.0,10
300,fusion,12,0.0,0
300,fusion,13,0.0,3
300,fusion,14,0.0,8
300,fusion,15,0.4,15
300,fusion,16,0.5625,16
300,fusion,17,0.7058823529411765,17
300,fusion,18,0.0,8
300,fusion,19,0.0,4
300,fusion,20,0.0,4
300,fusion,21,0.0,13
300,fusion,22,0.0,4
300,fusion,23,0.0,4
300,fusion,24,0.5,14
300,fusion,25,0.0,6
300,fusion,26,0.8333333333333334,12
300,fusion,27,0.3,10

300,agent_0,0,1.0,14
300,agent_0,1,1.0,20
300,agent_0,2,1.0,17
300,agent_0,3,0.9166666666666666,12
300,agent_0,4,1.0,13
300,agent_0,5,1.0,12
300,agent_0,6,1.0,12
300,agent_0,7,1.0,14
300,agent_0,8,1.0,15
300,agent_0,9,1.0,11
300,agent_0,10,1.0,13
300,agent_0,11,1.0,10
300,agent_0,12,0.0,0
300,agent_0,13,1.0,3
300,agent_0,14,1.0,8
300,agent_0,15,1.0,15
300,agent_0,16,1.0,16
300,agent_0,17,0.9411764705882353,17
300,agent_0,18,1.0,8
300,agent_0,19,1.0,4
300,agent_0,20,1.0,4
300,agent_0,21,1.0,13
300,agent_0,22,1.0,4
300,agent_0,23,1.0,4
300,agent_0,24,1.0,14
300,agent_0,25,1.0,6
300,agent_0,26,1.0,12
300,agent_0,27,1.0,10

300,agent_1,0,0.8571428571428571,14
300,agent_1,1,0.95,20
300,agent_1,2,0.7647058823529411,17
300,agent_1,3,0.4166666666666667,12
300,agent_1,4,0.6923076923076923,13
300,agent_1,5,1.0,12
300,agent_1,6,0.9166666666666666,12
300,agent_1,7,0.9285714285714286,14
300,agent_1,8,0.9333333333333333,15
300,agent_1,9,0.7272727272727273,11
300,agent_1,10,0.9230769230769231,13
300,agent_1,11,0.4,10
300,agent_1,12,0.0,0
300,agent_1,13,1.0,3
300,agent_1,14,0.75,8
300,agent_1,15,1.0,15
300,agent_1,16,0.9375,16
300,agent_1,17,0.8235294117647058,17
300,agent_1,18,0.75,8
300,agent_1,19,1.0,4
300,agent_1,20,0.75,4
300,agent_1,21,0.9230769230769231,13
300,agent_1,22,0.75,4
300,agent_1,23,1.0,4
300,agent_1,24,0.8571428571428571,14
300,agent_1,25,0.6666666666666666,6
300,agent_1,26,0.9166666666666666,12
300,agent_1,27,0.5,10

400,fusion,0,0.5,18
400,fusion,1,0.5217391304347826,23
400,fusion,2,0.5714285714285714,21
400,fusion,3,0.4375,16
400,fusion,4,0.29411764705882354,17
400,fusion,5,0.2777777777777778,18
400,fusion,6,0.7777777777777778,18
400,fusion,7,0.7142857142857143,21
400,fusion,8,0.42105263157894735,19
400,fusion,9,0.0,13
400,fusion,10,0.4666666666666667,15
400,fusion,11,0.23529411764705882,17
400,fusion,12,0.0,1
400,fusion,13,0.0,6
400,fusion,14,0.0,11
400,fusion,15,0.5263157894736842,19
400,fusion,16,0.6111111111111112,18
400,fusion,17,0.75,20
400,fusion,18,0.0,10
400,fusion,19,0.0,7
400,fusion,20,0.0,6
400,fusion,21,0.2,20
400,fusion,22,0.0,5
400,fusion,23,0.16666666666666666,6
400,fusion,24,0.6111111111111112,18
400,fusion,25,0.4,10
400,fusion,26,0.875,16
400,fusion,27,0.4166666666666667,12

400,agent_0,0,1.0,18
400,agent_0,1,1.0,23
400,agent_0,2,1.0,21
400,agent_0,3,0.9375,16
400,agent_0,4,1.0,17
400,agent_0,5,0.9444444444444444,18
400,agent_0,6,1.0,18
400,agent_0,7,1.0,21
400,agent_0,8,1.0,19
400,agent_0,9,1.0,13
400,agent_0,10,1.0,15
400,agent_0,11,1.0,17
400,agent_0,12,1.0,1
400,agent_0,13,1.0,6
400,agent_0,14,1.0,11
400,agent_0,15,1.0,19
400,agent_0,16,1.0,18
400,agent_0,17,0.95,20
400,agent_0,18,1.0,10
400,agent_0,19,1.0,7
400,agent_0,20,1.0,6
400,agent_0,21,1.0,20
400,agent_0,22,1.0,5
400,agent_0,23,1.0,6
400,agent_0,24,1.0,18
400,agent_0,25,1.0,10
400,agent_0,26,0.9375,16
400,agent_0,27,1.0,12

400,agent_1,0,0.8888888888888888,18
400,agent_1,1,0.9565217391304348,23
400,agent_1,2,0.7619047619047619,21
400,agent_1,3,0.3125,16
400,agent_1,4,0.7058823529411765,17
400,agent_1,5,0.9444444444444444,18
400,agent_1,6,0.7222222222222222,18
400,agent_1,7,0.9047619047619048,21
400,agent_1,8,0.8947368421052632,19
400,agent_1,9,0.7692307692307693,13
400,agent_1,10,0.9333333333333333,15
400,agent_1,11,0.47058823529411764,17
400,agent_1,12,1.0,1
400,agent_1,13,1.0,6
400,agent_1,14,0.8181818181818182,11
400,agent_1,15,1.0,19
400,agent_1,16,0.9444444444444444,18
400,agent_1,17,0.85,20
400,agent_1,18,0.8,10
400,agent_1,19,1.0,7
400,agent_1,20,0.8333333333333334,6
400,agent_1,21,0.95,20
400,agent_1,22,0.8,5
400,agent_1,23,0.8333333333333334,6
400,agent_1,24,0.8888888888888888,18
400,agent_1,25,0.8,10
400,agent_1,26,0.875,16
400,agent_1,27,0.5833333333333334,12

500,fusion,0,0.5,18
500,fusion,1,0.56,25
500,fusion,2,0.625,24
500,fusion,3,0.5714285714285714,21
500,fusion,4,0.42857142857142855,21
500,fusion,5,0.36363636363636365,22
500,fusion,6,0.8260869565217391,23
500,fusion,7,0.7692307692307693,26
500,fusion,8,0.5416666666666666,24
500,fusion,9,0.0,15
500,fusion,10,0.5263157894736842,19
500,fusion,11,0.34782608695652173,23
500,fusion,12,0.8333333333333334,6
500,fusion,13,0.0,7
500,fusion,14,0.26666666666666666,15
500,fusion,15,0.6538461538461539,26
500,fusion,16,0.65,20
500,fusion,17,0.8076923076923077,26
500,fusion,18,0.08333333333333333,12
500,fusion,19,0.3,10
500,fusion,20,0.0,9
500,fusion,21,0.3333333333333333,24
500,fusion,22,0.0,7
500,fusion,23,0.4444444444444444,9
500,fusion,24,0.65,20
500,fusion,25,0.5333333333333333,15
500,fusion,26,0.8823529411764706,17
500,fusion,27,0.5882352941176471,17

500,agent_0,0,1.0,18
500,agent_0,1,1.0,25
500,agent_0,2,1.0,24
500,agent_0,3,0.9523809523809523,21
500,agent_0,4,1.0,21
500,agent_0,5,0.9545454545454546,22
500,agent_0,6,1.0,23
500,agent_0,7,1.0,26
500,agent_0,8,1.0,24
500,agent_0,9,1.0,15
500,agent_0,10,1.0,19
500,agent_0,11,1.0,23
500,agent_0,12,1.0,6
500,agent_0,13,1.0,7
500,agent_0,14,1.0,15
500,agent_0,15,1.0,26
500,agent_0,16,1.0,20
500,agent_0,17,0.9615384615384616,26
500,agent_0,18,1.0,12
500,agent_0,19,1.0,10
500,agent_0,20,1.0,9
500,agent_0,21,1.0,24
500,agent_0,22,1.0,7
500,agent_0,23,1.0,9
500,agent_0,24,1.0,20
500,agent_0,25,1.0,15
500,agent_0,26,0.9411764705882353,17
500,agent_0,27,1.0,17

500,agent_1,0,0.8888888888888888,18
500,agent_1,1,0.96,25
500,agent_1,2,0.7916666666666666,24
500,agent_1,3,0.38095238095238093,21
500,agent_1,4,0.7619047619047619,21
500,agent_1,5,0.9090909090909091,22
500,agent_1,6,0.7391304347826086,23
500,agent_1,7,0.9230769230769231,26
500,agent_1,8,0.9166666666666666,24
500,agent_1,9,0.8,15
500,agent_1,10,0.8947368421052632,19
500,agent_1,11,0.391304347826087,23
500,agent_1,12,1.0,6
500,agent_1,13,1.0,7
500,agent_1,14,0.8666666666666667,15
500,agent_1,15,1.0,26
500,agent_1,16,0.95,20
500,agent_1,17,0.8846153846153846,26
500,agent_1,18,0.75,12
500,agent_1,19,1.0,10
500,agent_1,20,0.6666666666666666,9
500,agent_1,21,0.9583333333333334,24
500,agent_1,22,0.5714285714285714,7
500,agent_1,23,0.8888888888888888,9
500,agent_1,24,0.9,20
500,agent_1,25,0.7333333333333333,15
500,agent_1,26,0.8823529411764706,17
500,agent_1,27,0.6470588235294118,17

600,fusion,0,0.5714285714285714,21
600,fusion,1,0.5384615384615384,26
600,fusion,2,0.6666666666666666,27
600,fusion,3,0.64,25
600,fusion,4,0.5555555555555556,27
600,fusion,5,0.48148148148148145,27
600,fusion,6,0.8571428571428571,28
600,fusion,7,0.8,30
600,fusion,8,0.6206896551724138,29
600,fusion,9,0.2,20
600,fusion,10,0.6086956521739131,23
600,fusion,11,0.41379310344827586,29
600,fusion,12,0.9,10
600,fusion,13,0.0,8
600,fusion,14,0.42105263157894735,19
600,fusion,15,0.6785714285714286,28
600,fusion,16,0.6956521739130435,23
600,fusion,17,0.8484848484848485,33
600,fusion,18,0.07692307692307693,13
600,fusion,19,0.3,10
600,fusion,20,0.0,9
600,fusion,21,0.4838709677419355,31
600,fusion,22,0.0,8
600,fusion,23,0.5,10
600,fusion,24,0.72,25
600,fusion,25,0.5882352941176471,17
600,fusion,26,0.9130434782608695,23
600,fusion,27,0.6818181818181818,22

600,agent_0,0,1.0,21
600,agent_0,1,1.0,26
600,agent_0,2,1.0,27
600,agent_0,3,0.96,25
600,agent_0,4,1.0,27
600,agent_0,5,0.9629629629629629,27
600,agent_0,6,1.0,28
600,agent_0,7,1.0,30
600,agent_0,8,1.0,29
600,agent_0,9,0.95,20
600,agent_0,10,1.0,23
600,agent_0,11,1.0,29
600,agent_0,12,1.0,10
600,agent_0,13,1.0,8
600,agent_0,14,1.0,19
600,agent_0,15,1.0,28
600,agent_0,16,1.0,23
600,agent_0,17,0.9696969696969697,33
600,agent_0,18,1.0,13
600,agent_0,19,1.0,10
600,agent_0,20,1.0,9
600,agent_0,21,1.0,31
600,agent_0,22,1.0,8
600,agent_0,23,1.0,10
600,agent_0,24,1.0,25
600,agent_0,25,1.0,17
600,agent_0,26,0.9565217391304348,23
600,agent_0,27,1.0,22

600,agent_1,0,0.9047619047619048,21
600,agent_1,1,0.9230769230769231,26
600,agent_1,2,0.8148148148148148,27
600,agent_1,3,0.44,25
600,agent_1,4,0.7777777777777778,27
600,agent_1,5,0.9259259259259259,27
600,agent_1,6,0.7142857142857143,28
600,agent_1,7,0.9333333333333333,30
600,agent_1,8,0.896551724137931,29
600,agent_1,9,0.8,20
600,agent_1,10,0.9130434782608695,23
600,agent_1,11,0.3793103448275862,29
600,agent_1,12,1.0,10
600,agent_1,13,0.875,8
600,agent_1,14,0.8947368421052632,19
600,agent_1,15,1.0,28
600,agent_1,16,0.9565217391304348,23
600,agent_1,17,0.8484848484848485,33
600,agent_1,18,0.7692307692307693,13
600,agent_1,19,1.0,10
600,agent_1,20,0.6666666666666666,9
600,agent_1,21,0.967741935483871,31
600,agent_1,22,0.625,8
600,agent_1,23,0.9,10
600,agent_1,24,0.92,25
600,agent_1,25,0.7647058823529411,17
600,agent_1,26,0.9130434782608695,23
600,agent_1,27,0.7272727272727273,22

700,fusion,0,0.64,25
700,fusion,1,0.5862068965517241,29
700,fusion,2,0.71875,32
700,fusion,3,0.7,30
700,fusion,4,0.6129032258064516,31
700,fusion,5,0.5333333333333333,30
700,fusion,6,0.8709677419354839,31
700,fusion,7,0.8125,32
700,fusion,8,0.6451612903225806,31
700,fusion,9,0.41379310344827586,29
700,fusion,10,0.6785714285714286,28
700,fusion,11,0.48484848484848486,33
700,fusion,12,0.9375,16
700,fusion,13,0.0,10
700,fusion,14,0.5416666666666666,24
700,fusion,15,0.6896551724137931,29
700,fusion,16,0.7037037037037037,27
700,fusion,17,0.8461538461538461,39
700,fusion,18,0.29411764705882354,17
700,fusion,19,0.3,10
700,fusion,20,0.0,10
700,fusion,21,0.5,32
700,fusion,22,0.0,10
700,fusion,23,0.6428571428571429,14
700,fusion,24,0.78125,32
700,fusion,25,0.6111111111111112,18
700,fusion,26,0.9230769230769231,26
700,fusion,27,0.7307692307692307,26

700,agent_0,0,1.0,25
700,agent_0,1,1.0,29
700,agent_0,2,1.0,32
700,agent_0,3,0.9666666666666667,30
700,agent_0,4,1.0,31
700,agent_0,5,0.9666666666666667,30
700,agent_0,6,1.0,31
700,agent_0,7,1.0,32
700,agent_0,8,1.0,31
700,agent_0,9,0.9310344827586207,29
700,agent_0,10,1.0,28
700,agent_0,11,1.0,33
700,agent_0,12,1.0,16
700,agent_0,13,1.0,10
700,agent_0,14,1.0,24
700,agent_0,15,1.0,29
700,agent_0,16,1.0,27
700,agent_0,17,0.9743589743589743,39
700,agent_0,18,1.0,17
700,agent_0,19,1.0,10
700,agent_0,20,1.0,10
700,agent_0,21,1.0,32
700,agent_0,22,1.0,10
700,agent_0,23,1.0,14
700,agent_0,24,1.0,32
700,agent_0,25,1.0,18
700,agent_0,26,0.9615384615384616,26
700,agent_0,27,1.0,26

700,agent_1,0,0.92,25
700,agent_1,1,0.9310344827586207,29
700,agent_1,2,0.84375,32
700,agent_1,3,0.43333333333333335,30
700,agent_1,4,0.8064516129032258,31
700,agent_1,5,0.9333333333333333,30
700,agent_1,6,0.6774193548387096,31
700,agent_1,7,0.9375,32
700,agent_1,8,0.9032258064516129,31
700,agent_1,9,0.7931034482758621,29
700,agent_1,10,0.9285714285714286,28
700,agent_1,11,0.45454545454545453,33
700,agent_1,12,0.9375,16
700,agent_1,13,0.8,10
700,agent_1,14,0.9166666666666666,24
700,agent_1,15,1.0,29
700,agent_1,16,0.9259259259259259,27
700,agent_1,17,0.8205128205128205,39
700,agent_1,18,0.7647058823529411,17
700,agent_1,19,1.0,10
700,agent_1,20,0.6,10
700,agent_1,21,0.96875,32
700,agent_1,22,0.6,10
700,agent_1,23,0.9285714285714286,14
700,agent_1,24,0.90625,32
700,agent_1,25,0.7777777777777778,18
700,agent_1,26,0.9230769230769231,26
700,agent_1,27,0.7692307692307693,26

800,fusion,0,0.6896551724137931,29
800,fusion,1,0.6363636363636364,33
800,fusion,2,0.7272727272727273,33
800,fusion,3,0.7428571428571429,35
800,fusion,4,0.6578947368421053,38
800,fusion,5,0.5757575757575758,33
800,fusion,6,0.8571428571428571,35
800,fusion,7,0.8421052631578947,38
800,fusion,8,0.6944444444444444,36
800,fusion,9,0.5405405405405406,37
800,fusion,10,0.7272727272727273,33
800,fusion,11,0.5,34
800,fusion,12,0.9473684210526315,19
800,fusion,13,0.0,11
800,fusion,14,0.6451612903225806,31
800,fusion,15,0.7272727272727273,33
800,fusion,16,0.7333333333333333,30
800,fusion,17,0.85,40
800,fusion,18,0.38095238095238093,21
800,fusion,19,0.36363636363636365,11
800,fusion,20,0.0,11
800,fusion,21,0.5675675675675675,37
800,fusion,22,0.0,12
800,fusion,23,0.6666666666666666,15
800,fusion,24,0.8108108108108109,37
800,fusion,25,0.6818181818181818,22
800,fusion,26,0.9259259259259259,27
800,fusion,27,0.7333333333333333,30

800,agent_0,0,1.0,29
800,agent_0,1,1.0,33
800,agent_0,2,1.0,33
800,agent_0,3,0.9714285714285714,35
800,agent_0,4,1.0,38
800,agent_0,5,0.9696969696969697,33
800,agent_0,6,1.0,35
800,agent_0,7,1.0,38
800,agent_0,8,1.0,36
800,agent_0,9,0.9459459459459459,37
800,agent_0,10,1.0,33
800,agent_0,11,1.0,34
800,agent_0,12,1.0,19
800,agent_0,13,1.0,11
800,agent_0,14,1.0,31
800,agent_0,15,1.0,33
800,agent_0,16,1.0,30
800,agent_0,17,0.975,40
800,agent_0,18,0.9523809523809523,21
800,agent_0,19,1.0,11
800,agent_0,20,1.0,11
800,agent_0,21,1.0,37
800,agent_0,22,1.0,12
800,agent_0,23,1.0,15
800,agent_0,24,1.0,37
800,agent_0,25,1.0,22
800,agent_0,26,0.9629629629629629,27
800,agent_0,27,1.0,30

800,agent_1,0,0.9310344827586207,29
800,agent_1,1,0.9393939393939394,33
800,agent_1,2,0.8484848484848485,33
800,agent_1,3,0.42857142857142855,35
800,agent_1,4,0.7894736842105263,38
800,agent_1,5,0.9393939393939394,33
800,agent_1,6,0.6857142857142857,35
800,agent_1,7,0.9473684210526315,38
800,agent_1,8,0.9166666666666666,36
800,agent_1,9,0.8108108108108109,37
800,agent_1,10,0.9393939393939394,33
800,agent_1,11,0.47058823529411764,34
800,agent_1,12,0.9473684210526315,19
800,agent_1,13,0.8181818181818182,11
800,agent_1,14,0.9032258064516129,31
800,agent_1,15,1.0,33
800,agent_1,16,0.9333333333333333,30
800,agent_1,17,0.825,40
800,agent_1,18,0.7619047619047619,21
800,agent_1,19,1.0,11
800,agent_1,20,0.5454545454545454,11
800,agent_1,21,0.9459459459459459,37
800,agent_1,22,0.6666666666666666,12
800,agent_1,23,0.9333333333333333,15
800,agent_1,24,0.8918918918918919,37
800,agent_1,25,0.7727272727272727,22
800,agent_1,26,0.9259259259259259,27
800,agent_1,27,0.7666666666666667,30

900,fusion,0,0.7,30
900,fusion,1,0.7,40
900,fusion,2,0.75,36
900,fusion,3,0.7804878048780488,41
900,fusion,4,0.675,40
900,fusion,5,0.6410256410256411,39
900,fusion,6,0.8717948717948718,39
900,fusion,7,0.8666666666666667,45
900,fusion,8,0.725,40
900,fusion,9,0.5526315789473685,38
900,fusion,10,0.7857142857142857,42
900,fusion,11,0.5405405405405406,37
900,fusion,12,0.9090909090909091,22
900,fusion,13,0.14285714285714285,14
900,fusion,14,0.7027027027027027,37
900,fusion,15,0.75,36
900,fusion,16,0.7894736842105263,38
900,fusion,17,0.8636363636363636,44
900,fusion,18,0.43478260869565216,23
900,fusion,19,0.5333333333333333,15
900,fusion,20,0.0,11
900,fusion,21,0.5789473684210527,38
900,fusion,22,0.0,13
900,fusion,23,0.6666666666666666,15
900,fusion,24,0.8157894736842105,38
900,fusion,25,0.72,25
900,fusion,26,0.9354838709677419,31
900,fusion,27,0.7647058823529411,34

900,agent_0,0,1.0,30
900,agent_0,1,1.0,40
900,agent_0,2,1.0,36
900,agent_0,3,0.975609756097561,41
900,agent_0,4,1.0,40
900,agent_0,5,0.9487179487179487,39
900,agent_0,6,1.0,39
900,agent_0,7,1.0,45
900,agent_0,8,1.0,40
900,agent_0,9,0.9473684210526315,38
900,agent_0,10,1.0,42
900,agent_0,11,1.0,37
900,agent_0,12,1.0,22
900,agent_0,13,1.0,14
900,agent_0,14,1.0,37
900,agent_0,15,1.0,36
900,agent_0,16,1.0,38
900,agent_0,17,0.9772727272727273,44
900,agent_0,18,0.9565217391304348,23
900,agent_0,19,1.0,15
900,agent_0,20,1.0,11
900,agent_0,21,1.0,38
900,agent_0,22,1.0,13
900,agent_0,23,1.0,15
900,agent_0,24,1.0,38
900,agent_0,25,1.0,25
900,agent_0,26,0.967741935483871,31
900,agent_0,27,1.0,34

900,agent_1,0,0.9333333333333333,30
900,agent_1,1,0.9,40
900,agent_1,2,0.8611111111111112,36
900,agent_1,3,0.43902439024390244,41
900,agent_1,4,0.8,40
900,agent_1,5,0.9487179487179487,39
900,agent_1,6,0.6923076923076923,39
900,agent_1,7,0.9333333333333333,45
900,agent_1,8,0.925,40
900,agent_1,9,0.7894736842105263,38
900,agent_1,10,0.9523809523809523,42
900,agent_1,11,0.4864864864864865,37
900,agent_1,12,0.8636363636363636,22
900,agent_1,13,0.7857142857142857,14
900,agent_1,14,0.918918918918919,37
900,agent_1,15,1.0,36
900,agent_1,16,0.9473684210526315,38
900,agent_1,17,0.8409090909090909,44
900,agent_1,18,0.782608695652174,23
900,agent_1,19,0.9333333333333333,15
900,agent_1,20,0.5454545454545454,11
900,agent_1,21,0.9210526315789473,38
900,agent_1,22,0.6923076923076923,13
900,agent_1,23,0.9333333333333333,15
900,agent_1,24,0.8947368421052632,38
900,agent_1,25,0.8,25
900,agent_1,26,0.9354838709677419,31
900,agent_1,27,0.7647058823529411,34

1000,fusion,0,0.7692307692307693,39
1000,fusion,1,0.7391304347826086,46
1000,fusion,2,0.7631578947368421,38
1000,fusion,3,0.7906976744186046,43
1000,fusion,4,0.717391304347826,46
1000,fusion,5,0.6428571428571429,42
1000,fusion,6,0.8936170212765957,47
1000,fusion,7,0.8775510204081632,49
1000,fusion,8,0.7441860465116279,43
1000,fusion,9,0.575,40
1000,fusion,10,0.8163265306122449,49
1000,fusion,11,0.5641025641025641,39
1000,fusion,12,0.92,25
1000,fusion,13,0.3333333333333333,18
1000,fusion,14,0.717948717948718,39
1000,fusion,15,0.7631578947368421,38
1000,fusion,16,0.8095238095238095,42
1000,fusion,17,0.8775510204081632,49
1000,fusion,18,0.48,25
1000,fusion,19,0.5625,16
1000,fusion,20,0.0,13
1000,fusion,21,0.6363636363636364,44
1000,fusion,22,0.0,13
1000,fusion,23,0.7058823529411765,17
1000,fusion,24,0.8372093023255814,43
1000,fusion,25,0.75,28
1000,fusion,26,0.9375,32
1000,fusion,27,0.7894736842105263,38

1000,agent_0,0,1.0,39
1000,agent_0,1,1.0,46
1000,agent_0,2,1.0,38
1000,agent_0,3,0.9767441860465116,43
1000,agent_0,4,1.0,46
1000,agent_0,5,0.9523809523809523,42
1000,agent_0,6,1.0,47
1000,agent_0,7,1.0,49
1000,agent_0,8,1.0,43
1000,agent_0,9,0.95,40
1000,agent_0,10,1.0,49
1000,agent_0,11,1.0,39
1000,agent_0,12,1.0,25
1000,agent_0,13,1.0,18
1000,agent_0,14,1.0,39
1000,agent_0,15,1.0,38
1000,agent_0,16,1.0,42
1000,agent_0,17,0.9795918367346939,49
1000,agent_0,18,0.96,25
1000,agent_0,19,1.0,16
1000,agent_0,20,1.0,13
1000,agent_0,21,1.0,44
1000,agent_0,22,1.0,13
1000,agent_0,23,1.0,17
1000,agent_0,24,1.0,43
1000,agent_0,25,1.0,28
1000,agent_0,26,0.96875,32
1000,agent_0,27,1.0,38

1000,agent_1,0,0.9487179487179487,39
1000,agent_1,1,0.9130434782608695,46
1000,agent_1,2,0.8421052631578947,38
1000,agent_1,3,0.4418604651162791,43
1000,agent_1,4,0.8260869565217391,46
1000,agent_1,5,0.9285714285714286,42
1000,agent_1,6,0.7021276595744681,47
1000,agent_1,7,0.9387755102040817,49
1000,agent_1,8,0.9302325581395349,43
1000,agent_1,9,0.8,40
1000,agent_1,10,0.9591836734693877,49
1000,agent_1,11,0.5128205128205128,39
1000,agent_1,12,0.88,25
1000,agent_1,13,0.8333333333333334,18
1000,agent_1,14,0.9230769230769231,39
1000,agent_1,15,1.0,38
1000,agent_1,16,0.9523809523809523,42
1000,agent_1,17,0.8367346938775511,49
1000,agent_1,18,0.8,25
1000,agent_1,19,0.9375,16
1000,agent_1,20,0.6153846153846154,13
1000,agent_1,21,0.9090909090909091,44
1000,agent_1,22,0.6923076923076923,13
1000,agent_1,23,0.9411764705882353,17
1000,agent_1,24,0.9069767441860465,43
1000,agent_1,25,0.7857142857142857,28
1000,agent_1,26,0.9375,32
1000,agent_1,27,0.7894736842105263,38

1100,fusion,0,0.8,45
1100,fusion,1,0.7450980392156863,51
1100,fusion,2,0.8043478260869565,46
1100,fusion,3,0.8085106382978723,47
1100,fusion,4,0.7346938775510204,49
1100,fusion,5,0.6808510638297872,47
1100,fusion,6,0.8867924528301887,53
1100,fusion,7,0.8846153846153846,52
1100,fusion,8,0.75,44
1100,fusion,9,0.575,40
1100,fusion,10,0.8301886792452831,53
1100,fusion,11,0.575,40
1100,fusion,12,0.9285714285714286,28
1100,fusion,13,0.42857142857142855,21
1100,fusion,14,0.7659574468085106,47
1100,fusion,15,0.8043478260869565,46
1100,fusion,16,0.8222222222222222,45
1100,fusion,17,0.8888888888888888,54
1100,fusion,18,0.5,26
1100,fusion,19,0.6111111111111112,18
1100,fusion,20,0.07142857142857142,14
1100,fusion,21,0.6595744680851063,47
1100,fusion,22,0.07142857142857142,14
1100,fusion,23,0.7368421052631579,19
1100,fusion,24,0.8571428571428571,49
1100,fusion,25,0.7666666666666667,30
1100,fusion,26,0.9428571428571428,35
1100,fusion,27,0.8048780487804879,41

1100,agent_0,0,1.0,45
1100,agent_0,1,1.0,51
1100,agent_0,2,1.0,46
1100,agent_0,3,0.9787234042553191,47
1100,agent_0,4,1.0,49
1100,agent_0,5,0.9574468085106383,47
1100,agent_0,6,1.0,53
1100,agent_0,7,1.0,52
1100,agent_0,8,1.0,44
1100,agent_0,9,0.95,40
1100,agent_0,10,1.0,53
1100,agent_0,11,1.0,40
1100,agent_0,12,1.0,28
1100,agent_0,13,1.0,21
1100,agent_0,14,1.0,47
1100,agent_0,15,1.0,46
1100,agent_0,16,1.0,45
1100,agent_0,17,0.9814814814814815,54
1100,agent_0,18,0.9615384615384616,26
1100,agent_0,19,1.0,18
1100,agent_0,20,1.0,14
1100,agent_0,21,1.0,47
1100,agent_0,22,1.0,14
1100,agent_0,23,1.0,19
1100,agent_0,24,1.0,49
1100,agent_0,25,1.0,30
1100,agent_0,26,0.9714285714285714,35
1100,agent_0,27,1.0,41

1100,agent_1,0,0.9555555555555556,45
1100,agent_1,1,0.9019607843137255,51
1100,agent_1,2,0.8478260869565217,46
1100,agent_1,3,0.425531914893617,47
1100,agent_1,4,0.8163265306122449,49
1100,agent_1,5,0.9361702127659575,47
1100,agent_1,6,0.6792452830188679,53
1100,agent_1,7,0.9423076923076923,52
1100,agent_1,8,0.9318181818181818,44
1100,agent_1,9,0.8,40
1100,agent_1,10,0.9622641509433962,53
1100,agent_1,11,0.5,40
1100,agent_1,12,0.8571428571428571,28
1100,agent_1,13,0.8095238095238095,21
1100,agent_1,14,0.9361702127659575,47
1100,agent_1,15,1.0,46
1100,agent_1,16,0.9555555555555556,45
1100,agent_1,17,0.8148148148148148,54
1100,agent_1,18,0.8076923076923077,26
1100,agent_1,19,0.9444444444444444,18
1100,agent_1,20,0.6428571428571429,14
1100,agent_1,21,0.8936170212765957,47
1100,agent_1,22,0.7142857142857143,14
1100,agent_1,23,0.9473684210526315,19
1100,agent_1,24,0.9183673469387755,49
1100,agent_1,25,0.8,30
1100,agent_1,26,0.9428571428571428,35
1100,agent_1,27,0.7804878048780488,41

1200,fusion,0,0.8269230769230769,52
1200,fusion,1,0.7719298245614035,57
1200,fusion,2,0.8043478260869565,46
1200,fusion,3,0.82,50
1200,fusion,4,0.7833333333333333,60
1200,fusion,5,0.6875,48
1200,fusion,6,0.9032258064516129,62
1200,fusion,7,0.8888888888888888,54
1200,fusion,8,0.7608695652173914,46
1200,fusion,9,0.5813953488372093,43
1200,fusion,10,0.8363636363636363,55
1200,fusion,11,0.6136363636363636,44
1200,fusion,12,0.9333333333333333,30
1200,fusion,13,0.4782608695652174,23
1200,fusion,14,0.7843137254901961,51
1200,fusion,15,0.8125,48
1200,fusion,16,0.84,50
1200,fusion,17,0.8947368421052632,57
1200,fusion,18,0.5,28
1200,fusion,19,0.6818181818181818,22
1200,fusion,20,0.3157894736842105,19
1200,fusion,21,0.6666666666666666,48
1200,fusion,22,0.23529411764705882,17
1200,fusion,23,0.7368421052631579,19
1200,fusion,24,0.8771929824561403,57
1200,fusion,25,0.7878787878787878,33
1200,fusion,26,0.9473684210526315,38
1200,fusion,27,0.7954545454545454,44

1200,agent_0,0,1.0,52
1200,agent_0,1,1.0,57
1200,agent_0,2,1.0,46
1200,agent_0,3,0.98,50
1200,agent_0,4,1.0,60
1200,agent_0,5,0.9583333333333334,48
1200,agent_0,6,0.9838709677419355,62
1200,agent_0,7,1.0,54
1200,agent_0,8,1.0,46
1200,agent_0,9,0.9302325581395349,43
1200,agent_0,10,1.0,55
1200,agent_0,11,1.0,44
1200,agent_0,12,1.0,30
1200,agent_0,13,1.0,23
1200,agent_0,14,1.0,51
1200,agent_0,15,1.0,48
1200,agent_0,16,1.0,50
1200,agent_0,17,0.9824561403508771,57
1200,agent_0,18,0.9642857142857143,28
1200,agent_0,19,1.0,22
1200,agent_0,20,1.0,19
1200,agent_0,21,1.0,48
1200,agent_0,22,1.0,17
1200,agent_0,23,1.0,19
1200,agent_0,24,1.0,57
1200,agent_0,25,1.0,33
1200,agent_0,26,0.9736842105263158,38
1200,agent_0,27,1.0,44

1200,agent_1,0,0.9615384615384616,52
1200,agent_1,1,0.8947368421052632,57
1200,agent_1,2,0.8478260869565217,46
1200,agent_1,3,0.42,50
1200,agent_1,4,0.8,60
1200,agent_1,5,0.9375,48
1200,agent_1,6,0.6935483870967742,62
1200,agent_1,7,0.9444444444444444,54
1200,agent_1,8,0.9347826086956522,46
1200,agent_1,9,0.813953488372093,43
1200,agent_1,10,0.9636363636363636,55
1200,agent_1,11,0.5454545454545454,44
1200,agent_1,12,0.8666666666666667,30
1200,agent_1,13,0.8260869565217391,23
1200,agent_1,14,0.9411764705882353,51
1200,agent_1,15,1.0,48
1200,agent_1,16,0.94,50
1200,agent_1,17,0.8070175438596491,57
1200,agent_1,18,0.7857142857142857,28
1200,agent_1,19,0.9545454545454546,22
1200,agent_1,20,0.6842105263157895,19
1200,agent_1,21,0.875,48
1200,agent_1,22,0.7647058823529411,17
1200,agent_1,23,0.9473684210526315,19
1200,agent_1,24,0.9298245614035088,57
1200,agent_1,25,0.7878787878787878,33
1200,agent_1,26,0.9473684210526315,38
1200,agent_1,27,0.75,44

1300,fusion,0,0.8448275862068966,58
1300,fusion,1,0.7833333333333333,60
1300,fusion,2,0.82,50
1300,fusion,3,0.8363636363636363,55
1300,fusion,4,0.796875,64
1300,fusion,5,0.7115384615384616,52
1300,fusion,6,0.9130434782608695,69
1300,fusion,7,0.896551724137931,58
1300,fusion,8,0.7843137254901961,51
1300,fusion,9,0.6,45
1300,fusion,10,0.8448275862068966,58
1300,fusion,11,0.64,50
1300,fusion,12,0.9354838709677419,31
1300,fusion,13,0.5384615384615384,26
1300,fusion,14,0.7924528301886793,53
1300,fusion,15,0.8363636363636363,55
1300,fusion,16,0.8545454545454545,55
1300,fusion,17,0.8813559322033898,59
1300,fusion,18,0.5333333333333333,30
1300,fusion,19,0.7083333333333334,24
1300,fusion,20,0.35,20
1300,fusion,21,0.673469387755102,49
1300,fusion,22,0.23529411764705882,17
1300,fusion,23,0.75,20
1300,fusion,24,0.8888888888888888,63
1300,fusion,25,0.8157894736842105,38
1300,fusion,26,0.9534883720930233,43
1300,fusion,27,0.8125,48

1300,agent_0,0,1.0,58
1300,agent_0,1,1.0,60
1300,agent_0,2,1.0,50
1300,agent_0,3,0.9818181818181818,55
1300,agent_0,4,1.0,64
1300,agent_0,5,0.9615384615384616,52
1300,agent_0,6,0.9855072463768116,69
1300,agent_0,7,1.0,58
1300,agent_0,8,1.0,51
1300,agent_0,9,0.9333333333333333,45
1300,agent_0,10,1.0,58
1300,agent_0,11,1.0,50
1300,agent_0,12,1.0,31
1300,agent_0,13,1.0,26
1300,agent_0,14,1.0,53
1300,agent_0,15,1.0,55
1300,agent_0,16,1.0,55
1300,agent_0,17,0.9661016949152542,59
1300,agent_0,18,0.9666666666666667,30
1300,agent_0,19,1.0,24
1300,agent_0,20,1.0,20
1300,agent_0,21,1.0,49
1300,agent_0,22,1.0,17
1300,agent_0,23,1.0,20
1300,agent_0,24,1.0,63
1300,agent_0,25,1.0,38
1300,agent_0,26,0.9767441860465116,43
1300,agent_0,27,1.0,48

1300,agent_1,0,0.9655172413793104,58
1300,agent_1,1,0.9,60
1300,agent_1,2,0.86,50
1300,agent_1,3,0.43636363636363634,55
1300,agent_1,4,0.796875,64
1300,agent_1,5,0.9423076923076923,52
1300,agent_1,6,0.7246376811594203,69
1300,agent_1,7,0.9482758620689655,58
1300,agent_1,8,0.9411764705882353,51
1300,agent_1,9,0.8,45
1300,agent_1,10,0.9655172413793104,58
1300,agent_1,11,0.54,50
1300,agent_1,12,0.8709677419354839,31
1300,agent_1,13,0.8461538461538461,26
1300,agent_1,14,0.9433962264150944,53
1300,agent_1,15,1.0,55
1300,agent_1,16,0.9454545454545454,55
1300,agent_1,17,0.7966101694915254,59
1300,agent_1,18,0.8,30
1300,agent_1,19,0.9166666666666666,24
1300,agent_1,20,0.7,20
1300,agent_1,21,0.8775510204081632,49
1300,agent_1,22,0.7647058823529411,17
1300,agent_1,23,0.95,20
1300,agent_1,24,0.9365079365079365,63
1300,agent_1,25,0.7894736842105263,38
1300,agent_1,26,0.9534883720930233,43
1300,agent_1,27,0.7708333333333334,48

1400,fusion,0,0.847457627118644,59
1400,fusion,1,0.8059701492537313,67
1400,fusion,2,0.8392857142857143,56
1400,fusion,3,0.8305084745762712,59
1400,fusion,4,0.8142857142857143,70
1400,fusion,5,0.7272727272727273,55
1400,fusion,6,0.9178082191780822,73
1400,fusion,7,0.9047619047619048,63
1400,fusion,8,0.7962962962962963,54
1400,fusion,9,0.6170212765957447,47
1400,fusion,10,0.8548387096774194,62
1400,fusion,11,0.6666666666666666,54
1400,fusion,12,0.9393939393939394,33
1400,fusion,13,0.6,30
1400,fusion,14,0.819672131147541,61
1400,fusion,15,0.85,60
1400,fusion,16,0.8620689655172413,58
1400,fusion,17,0.8870967741935484,62
1400,fusion,18,0.5483870967741935,31
1400,fusion,19,0.72,25
1400,fusion,20,0.4090909090909091,22
1400,fusion,21,0.7037037037037037,54
1400,fusion,22,0.2222222222222222,18
1400,fusion,23,0.7391304347826086,23
1400,fusion,24,0.8873239436619719,71
1400,fusion,25,0.8157894736842105,38
1400,fusion,26,0.9545454545454546,44
1400,fusion,27,0.8076923076923077,52

1400,agent_0,0,1.0,59
1400,agent_0,1,1.0,67
1400,agent_0,2,1.0,56
1400,agent_0,3,0.9661016949152542,59
1400,agent_0,4,1.0,70
1400,agent_0,5,0.9636363636363636,55
1400,agent_0,6,0.9863013698630136,73
1400,agent_0,7,1.0,63
1400,agent_0,8,1.0,54
1400,agent_0,9,0.9361702127659575,47
1400,agent_0,10,1.0,62
1400,agent_0,11,1.0,54
1400,agent_0,12,1.0,33
1400,agent_0,13,1.0,30
1400,agent_0,14,1.0,61
1400,agent_0,15,1.0,60
1400,agent_0,16,1.0,58
1400,agent_0,17,0.967741935483871,62
1400,agent_0,18,0.967741935483871,31
1400,agent_0,19,1.0,25
1400,agent_0,20,1.0,22
1400,agent_0,21,1.0,54
1400,agent_0,22,1.0,18
1400,agent_0,23,1.0,23
1400,agent_0,24,1.0,71
1400,agent_0,25,1.0,38
1400,agent_0,26,0.9772727272727273,44
1400,agent_0,27,1.0,52

1400,agent_1,0,0.9661016949152542,59
1400,agent_1,1,0.9104477611940298,67
1400,agent_1,2,0.8392857142857143,56
1400,agent_1,3,0.4406779661016949,59
1400,agent_1,4,0.7857142857142857,70
1400,agent_1,5,0.9090909090909091,55
1400,agent_1,6,0.726027397260274,73
1400,agent_1,7,0.9206349206349206,63
1400,agent_1,8,0.9444444444444444,54
1400,agent_1,9,0.8085106382978723,47
1400,agent_1,10,0.967741935483871,62
1400,agent_1,11,0.5740740740740741,54
1400,agent_1,12,0.8787878787878788,33
1400,agent_1,13,0.8666666666666667,30
1400,agent_1,14,0.9344262295081968,61
1400,agent_1,15,1.0,60
1400,agent_1,16,0.9482758620689655,58
1400,agent_1,17,0.8064516129032258,62
1400,agent_1,18,0.8064516129032258,31
1400,agent_1,19,0.92,25
1400,agent_1,20,0.7272727272727273,22
1400,agent_1,21,0.8703703703703703,54
1400,agent_1,22,0.7777777777777778,18
1400,agent_1,23,0.9130434782608695,23
1400,agent_1,24,0.9295774647887324,71
1400,agent_1,25,0.7894736842105263,38
1400,agent_1,26,0.9545454545454546,44
1400,agent_1,27,0.75,52

1500,fusion,0,0.8636363636363636,66
1500,fusion,1,0.8169014084507042,71
1500,fusion,2,0.847457627118644,59
1500,fusion,3,0.84375,64
1500,fusion,4,0.8311688311688312,77
1500,fusion,5,0.7413793103448276,58
1500,fusion,6,0.918918918918919,74
1500,fusion,7,0.9117647058823529,68
1500,fusion,8,0.8135593220338984,59
1500,fusion,9,0.62,50
1500,fusion,10,0.8615384615384616,65
1500,fusion,11,0.6896551724137931,58
1500,fusion,12,0.9444444444444444,36
1500,fusion,13,0.6,30
1500,fusion,14,0.8405797101449275,69
1500,fusion,15,0.859375,64
1500,fusion,16,0.875,64
1500,fusion,17,0.890625,64
1500,fusion,18,0.5757575757575758,33
1500,fusion,19,0.72,25
1500,fusion,20,0.4090909090909091,22
1500,fusion,21,0.7017543859649122,57
1500,fusion,22,0.3333333333333333,21
1500,fusion,23,0.7692307692307693,26
1500,fusion,24,0.8961038961038961,77
1500,fusion,25,0.8048780487804879,41
1500,fusion,26,0.9574468085106383,47
1500,fusion,27,0.8214285714285714,56

1500,agent_0,0,1.0,66
1500,agent_0,1,1.0,71
1500,agent_0,2,1.0,59
1500,agent_0,3,0.96875,64
1500,agent_0,4,1.0,77
1500,agent_0,5,0.9655172413793104,58
1500,agent_0,6,0.9864864864864865,74
1500,agent_0,7,1.0,68
1500,agent_0,8,1.0,59
1500,agent_0,9,0.94,50
1500,agent_0,10,1.0,65
1500,agent_0,11,1.0,58
1500,agent_0,12,1.0,36
1500,agent_0,13,1.0,30
1500,agent_0,14,1.0,69
1500,agent_0,15,1.0,64
1500,agent_0,16,1.0,64
1500,agent_0,17,0.96875,64
1500,agent_0,18,0.9696969696969697,33
1500,agent_0,19,1.0,25
1500,agent_0,20,1.0,22
1500,agent_0,21,1.0,57
1500,agent_0,22,1.0,21
1500,agent_0,23,1.0,26
1500,agent_0,24,1.0,77
1500,agent_0,25,1.0,41
1500,agent_0,26,0.9787234042553191,47
1500,agent_0,27,1.0,56

1500,agent_1,0,0.9696969696969697,66
1500,agent_1,1,0.9154929577464789,71
1500,agent_1,2,0.847457627118644,59
1500,agent_1,3,0.4375,64
1500,agent_1,4,0.7922077922077922,77
1500,agent_1,5,0.9137931034482759,58
1500,agent_1,6,0.7297297297297297,74
1500,agent_1,7,0.9117647058823529,68
1500,agent_1,8,0.9491525423728814,59
1500,agent_1,9,0.8,50
1500,agent_1,10,0.9692307692307692,65
1500,agent_1,11,0.603448275862069,58
1500,agent_1,12,0.8888888888888888,36
1500,agent_1,13,0.8666666666666667,30
1500,agent_1,14,0.9420289855072463,69
1500,agent_1,15,1.0,64
1500,agent_1,16,0.9375,64
1500,agent_1,17,0.8125,64
1500,agent_1,18,0.7575757575757576,33
1500,agent_1,19,0.92,25
1500,agent_1,20,0.7272727272727273,22
1500,agent_1,21,0.8596491228070176,57
1500,agent_1,22,0.7619047619047619,21
1500,agent_1,23,0.9230769230769231,26
1500,agent_1,24,0.935064935064935,77
1500,agent_1,25,0.7560975609756098,41
1500,agent_1,26,0.9574468085106383,47
1500,agent_1,27,0.75,56

1600,fusion,0,0.8732394366197183,71
1600,fusion,1,0.8289473684210527,76
1600,fusion,2,0.8524590163934426,61
1600,fusion,3,0.8529411764705882,68
1600,fusion,4,0.8522727272727273,88
1600,fusion,5,0.75,64
1600,fusion,6,0.925,80
1600,fusion,7,0.9027777777777778,72
1600,fusion,8,0.8225806451612904,62
1600,fusion,9,0.6296296296296297,54
1600,fusion,10,0.855072463768116,69
1600,fusion,11,0.7049180327868853,61
1600,fusion,12,0.9459459459459459,37
1600,fusion,13,0.6129032258064516,31
1600,fusion,14,0.8513513513513513,74
1600,fusion,15,0.8656716417910447,67
1600,fusion,16,0.8769230769230769,65
1600,fusion,17,0.9014084507042254,71
1600,fusion,18,0.5882352941176471,34
1600,fusion,19,0.7586206896551724,29
1600,fusion,20,0.43478260869565216,23
1600,fusion,21,0.7166666666666667,60
1600,fusion,22,0.391304347826087,23
1600,fusion,23,0.7857142857142857,28
1600,fusion,24,0.8987341772151899,79
1600,fusion,25,0.8181818181818182,44
1600,fusion,26,0.9622641509433962,53
1600,fusion,27,0.8245614035087719,57

1600,agent_0,0,1.0,71
1600,agent_0,1,1.0,76
1600,agent_0,2,1.0,61
1600,agent_0,3,0.9705882352941176,68
1600,agent_0,4,1.0,88
1600,agent_0,5,0.96875,64
1600,agent_0,6,0.9875,80
1600,agent_0,7,0.9861111111111112,72
1600,agent_0,8,1.0,62
1600,agent_0,9,0.9074074074074074,54
1600,agent_0,10,1.0,69
1600,agent_0,11,1.0,61
1600,agent_0,12,1.0,37
1600,agent_0,13,1.0,31
1600,agent_0,14,1.0,74
1600,agent_0,15,1.0,67
1600,agent_0,16,1.0,65
1600,agent_0,17,0.971830985915493,71
1600,agent_0,18,0.9705882352941176,34
1600,agent_0,19,1.0,29
1600,agent_0,20,1.0,23
1600,agent_0,21,1.0,60
1600,agent_0,22,1.0,23
1600,agent_0,23,1.0,28
1600,agent_0,24,1.0,79
1600,agent_0,25,1.0,44
1600,agent_0,26,0.9811320754716981,53
1600,agent_0,27,1.0,57

1600,agent_1,0,0.971830985915493,71
1600,agent_1,1,0.9210526315789473,76
1600,agent_1,2,0.8524590163934426,61
1600,agent_1,3,0.4264705882352941,68
1600,agent_1,4,0.7840909090909091,88
1600,agent_1,5,0.90625,64
1600,agent_1,6,0.725,80
1600,agent_1,7,0.8888888888888888,72
1600,agent_1,8,0.9516129032258065,62
1600,agent_1,9,0.8148148148148148,54
1600,agent_1,10,0.9565217391304348,69
1600,agent_1,11,0.6065573770491803,61
1600,agent_1,12,0.8918918918918919,37
1600,agent_1,13,0.8709677419354839,31
1600,agent_1,14,0.9324324324324325,74
1600,agent_1,15,1.0,67
1600,agent_1,16,0.9384615384615385,65
1600,agent_1,17,0.8309859154929577,71
1600,agent_1,18,0.7647058823529411,34
1600,agent_1,19,0.9310344827586207,29
1600,agent_1,20,0.7391304347826086,23
1600,agent_1,21,0.85,60
1600,agent_1,22,0.782608695652174,23
1600,agent_1,23,0.9285714285714286,28
1600,agent_1,24,0.9367088607594937,79
1600,agent_1,25,0.75,44
1600,agent_1,26,0.9622641509433962,53
1600,agent_1,27,0.7543859649122807,57

1700,fusion,0,0.881578947368421,76
1700,fusion,1,0.8375,80
1700,fusion,2,0.859375,64
1700,fusion,3,0.8591549295774648,71
1700,fusion,4,0.8602150537634409,93
1700,fusion,5,0.7714285714285715,70
1700,fusion,6,0.9294117647058824,85
1700,fusion,7,0.9102564102564102,78
1700,fusion,8,0.835820895522388,67
1700,fusion,9,0.6551724137931034,58
1700,fusion,10,0.8591549295774648,71
1700,fusion,11,0.71875,64
1700,fusion,12,0.926829268292683,41
1700,fusion,13,0.6470588235294118,34
1700,fusion,14,0.8625,80
1700,fusion,15,0.8676470588235294,68
1700,fusion,16,0.8823529411764706,68
1700,fusion,17,0.9066666666666666,75
1700,fusion,18,0.6216216216216216,37
1700,fusion,19,0.7741935483870968,31
1700,fusion,20,0.4583333333333333,24
1700,fusion,21,0.7384615384615385,65
1700,fusion,22,0.4166666666666667,24
1700,fusion,23,0.7931034482758621,29
1700,fusion,24,0.9080459770114943,87
1700,fusion,25,0.8181818181818182,44
1700,fusion,26,0.9649122807017544,57
1700,fusion,27,0.8333333333333334,60

1700,agent_0,0,1.0,76
1700,agent_0,1,1.0,80
1700,agent_0,2,1.0,64
1700,agent_0,3,0.971830985915493,71
1700,agent_0,4,1.0,93
1700,agent_0,5,0.9714285714285714,70
1700,agent_0,6,0.9882352941176471,85
1700,agent_0,7,0.9871794871794872,78
1700,agent_0,8,1.0,67
1700,agent_0,9,0.9137931034482759,58
1700,agent_0,10,1.0,71
1700,agent_0,11,1.0,64
1700,agent_0,12,1.0,41
1700,agent_0,13,1.0,34
1700,agent_0,14,1.0,80
1700,agent_0,15,1.0,68
1700,agent_0,16,1.0,68
1700,agent_0,17,0.96,75
1700,agent_0,18,0.972972972972973,37
1700,agent_0,19,1.0,31
1700,agent_0,20,1.0,24
1700,agent_0,21,1.0,65
1700,agent_0,22,1.0,24
1700,agent_0,23,1.0,29
1700,agent_0,24,1.0,87
1700,agent_0,25,1.0,44
1700,agent_0,26,0.9824561403508771,57
1700,agent_0,27,0.9833333333333333,60

1700,agent_1,0,0.9736842105263158,76
1700,agent_1,1,0.925,80
1700,agent_1,2,0.859375,64
1700,agent_1,3,0.43661971830985913,71
1700,agent_1,4,0.7956989247311828,93
1700,agent_1,5,0.9142857142857143,70
1700,agent_1,6,0.7294117647058823,85
1700,agent_1,7,0.8846153846153846,78
1700,agent_1,8,0.9552238805970149,67
1700,agent_1,9,0.8103448275862069,58
1700,agent_1,10,0.9577464788732394,71
1700,agent_1,11,0.59375,64
1700,agent_1,12,0.8780487804878049,41
1700,agent_1,13,0.8529411764705882,34
1700,agent_1,14,0.9375,80
1700,agent_1,15,1.0,68
1700,agent_1,16,0.9411764705882353,68
1700,agent_1,17,0.8266666666666667,75
1700,agent_1,18,0.7567567567567568,37
1700,agent_1,19,0.9354838709677419,31
1700,agent_1,20,0.75,24
1700,agent_1,21,0.8615384615384616,65
1700,agent_1,22,0.7916666666666666,24
1700,agent_1,23,0.9310344827586207,29
1700,agent_1,24,0.9425287356321839,87
1700,agent_1,25,0.75,44
1700,agent_1,26,0.9473684210526315,57
1700,agent_1,27,0.75,60

1800,fusion,0,0.8875,80
1800,fusion,1,0.8452380952380952,84
1800,fusion,2,0.8656716417910447,67
1800,fusion,3,0.8701298701298701,77
1800,fusion,4,0.8631578947368421,95
1800,fusion,5,0.7974683544303798,79
1800,fusion,6,0.9318181818181818,88
1800,fusion,7,0.9156626506024096,83
1800,fusion,8,0.8450704225352113,71
1800,fusion,9,0.6825396825396826,63
1800,fusion,10,0.868421052631579,76
1800,fusion,11,0.7272727272727273,66
1800,fusion,12,0.9285714285714286,42
1800,fusion,13,0.6756756756756757,37
1800,fusion,14,0.8690476190476191,84
1800,fusion,15,0.8714285714285714,70
1800,fusion,16,0.8888888888888888,72
1800,fusion,17,0.9102564102564102,78
1800,fusion,18,0.6744186046511628,43
1800,fusion,19,0.78125,32
1800,fusion,20,0.48148148148148145,27
1800,fusion,21,0.7605633802816901,71
1800,fusion,22,0.4166666666666667,24
1800,fusion,23,0.8,30
1800,fusion,24,0.9111111111111111,90
1800,fusion,25,0.8297872340425532,47
1800,fusion,26,0.9516129032258065,62
1800,fusion,27,0.8412698412698413,63

1800,agent_0,0,1.0,80
1800,agent_0,1,1.0,84
1800,agent_0,2,1.0,67
1800,agent_0,3,0.974025974025974,77
1800,agent_0,4,1.0,95
1800,agent_0,5,0.9620253164556962,79
1800,agent_0,6,0.9886363636363636,88
1800,agent_0,7,0.9759036144578314,83
1800,agent_0,8,1.0,71
1800,agent_0,9,0.9206349206349206,63
1800,agent_0,10,1.0,76
1800,agent_0,11,1.0,66
1800,agent_0,12,1.0,42
1800,agent_0,13,1.0,37
1800,agent_0,14,1.0,84
1800,agent_0,15,1.0,70
1800,agent_0,16,1.0,72
1800,agent_0,17,0.9615384615384616,78
1800,agent_0,18,0.9767441860465116,43
1800,agent_0,19,1.0,32
1800,agent_0,20,1.0,27
1800,agent_0,21,1.0,71
1800,agent_0,22,1.0,24
1800,agent_0,23,1.0,30
1800,agent_0,24,1.0,90
1800,agent_0,25,1.0,47
1800,agent_0,26,0.967741935483871,62
1800,agent_0,27,0.9841269841269841,63

1800,agent_1,0,0.975,80
1800,agent_1,1,0.9285714285714286,84
1800,agent_1,2,0.8656716417910447,67
1800,agent_1,3,0.45454545454545453,77
1800,agent_1,4,0.8,95
1800,agent_1,5,0.9240506329113924,79
1800,agent_1,6,0.7045454545454546,88
1800,agent_1,7,0.891566265060241,83
1800,agent_1,8,0.9577464788732394,71
1800,agent_1,9,0.8095238095238095,63
1800,agent_1,10,0.9605263157894737,76
1800,agent_1,11,0.5757575757575758,66
1800,agent_1,12,0.8809523809523809,42
1800,agent_1,13,0.8378378378378378,37
1800,agent_1,14,0.9404761904761905,84
1800,agent_1,15,1.0,70
1800,agent_1,16,0.9444444444444444,72
1800,agent_1,17,0.8205128205128205,78
1800,agent_1,18,0.7906976744186046,43
1800,agent_1,19,0.9375,32
1800,agent_1,20,0.6666666666666666,27
1800,agent_1,21,0.8732394366197183,71
1800,agent_1,22,0.7916666666666666,24
1800,agent_1,23,0.9333333333333333,30
1800,agent_1,24,0.9444444444444444,90
1800,agent_1,25,0.7659574468085106,47
1800,agent_1,26,0.9354838709677419,62
1800,agent_1,27,0.7619047619047619,63

1900,fusion,0,0.891566265060241,83
1900,fusion,1,0.8470588235294118,85
1900,fusion,2,0.8783783783783784,74
1900,fusion,3,0.8795180722891566,83
1900,fusion,4,0.87,100
1900,fusion,5,0.8181818181818182,88
1900,fusion,6,0.9222222222222223,90
1900,fusion,7,0.9213483146067416,89
1900,fusion,8,0.8571428571428571,77
1900,fusion,9,0.7101449275362319,69
1900,fusion,10,0.8717948717948718,78
1900,fusion,11,0.7164179104477612,67
1900,fusion,12,0.9333333333333333,45
1900,fusion,13,0.7,40
1900,fusion,14,0.8735632183908046,87
1900,fusion,15,0.875,72
1900,fusion,16,0.8918918918918919,74
1900,fusion,17,0.9135802469135802,81
1900,fusion,18,0.6956521739130435,46
1900,fusion,19,0.8,35
1900,fusion,20,0.5161290322580645,31
1900,fusion,21,0.7733333333333333,75
1900,fusion,22,0.46153846153846156,26
1900,fusion,23,0.8125,32
1900,fusion,24,0.9130434782608695,92
1900,fusion,25,0.82,50
1900,fusion,26,0.9552238805970149,67
1900,fusion,27,0.8461538461538461,65

1900,agent_0,0,1.0,83
1900,agent_0,1,1.0,85
1900,agent_0,2,1.0,74
1900,agent_0,3,0.9759036144578314,83
1900,agent_0,4,1.0,100
1900,agent_0,5,0.9659090909090909,88
1900,agent_0,6,0.9888888888888889,90
1900,agent_0,7,0.9775280898876404,89
1900,agent_0,8,1.0,77
1900,agent_0,9,0.927536231884058,69
1900,agent_0,10,1.0,78
1900,agent_0,11,1.0,67
1900,agent_0,12,1.0,45
1900,agent_0,13,1.0,40
1900,agent_0,14,1.0,87
1900,agent_0,15,1.0,72
1900,agent_0,16,1.0,74
1900,agent_0,17,0.9629629629629629,81
1900,agent_0,18,0.9782608695652174,46
1900,agent_0,19,1.0,35
1900,agent_0,20,1.0,31
1900,agent_0,21,1.0,75
1900,agent_0,22,1.0,26
1900,agent_0,23,1.0,32
1900,agent_0,24,1.0,92
1900,agent_0,25,1.0,50
1900,agent_0,26,0.9701492537313433,67
1900,agent_0,27,0.9846153846153847,65

1900,agent_1,0,0.9759036144578314,83
1900,agent_1,1,0.9294117647058824,85
1900,agent_1,2,0.8648648648648649,74
1900,agent_1,3,0.4457831325301205,83
1900,agent_1,4,0.79,100
1900,agent_1,5,0.9318181818181818,88
1900,agent_1,6,0.7,90
1900,agent_1,7,0.8876404494382022,89
1900,agent_1,8,0.961038961038961,77
1900,agent_1,9,0.8260869565217391,69
1900,agent_1,10,0.9615384615384616,78
1900,agent_1,11,0.5671641791044776,67
1900,agent_1,12,0.8888888888888888,45
1900,agent_1,13,0.825,40
1900,agent_1,14,0.9425287356321839,87
1900,agent_1,15,1.0,72
1900,agent_1,16,0.9459459459459459,74
1900,agent_1,17,0.8024691358024691,81
1900,agent_1,18,0.8043478260869565,46
1900,agent_1,19,0.9428571428571428,35
1900,agent_1,20,0.6129032258064516,31
1900,agent_1,21,0.88,75
1900,agent_1,22,0.7692307692307693,26
1900,agent_1,23,0.9375,32
1900,agent_1,24,0.9347826086956522,92
1900,agent_1,25,0.76,50
1900,agent_1,26,0.9402985074626866,67
1900,agent_1,27,0.7692307692307693,65

2000,fusion,0,0.898876404494382,89
2000,fusion,1,0.8494623655913979,93
2000,fusion,2,0.881578947368421,76
2000,fusion,3,0.8823529411764706,85
2000,fusion,4,0.8725490196078431,102
2000,fusion,5,0.8241758241758241,91
2000,fusion,6,0.9230769230769231,91
2000,fusion,7,0.9292929292929293,99
2000,fusion,8,0.8518518518518519,81
2000,fusion,9,0.726027397260274,73
2000,fusion,10,0.8809523809523809,84
2000,fusion,11,0.704225352112676,71
2000,fusion,12,0.9411764705882353,51
2000,fusion,13,0.7142857142857143,42
2000,fusion,14,0.8735632183908046,87
2000,fusion,15,0.8860759493670886,79
2000,fusion,16,0.8987341772151899,79
2000,fusion,17,0.9146341463414634,82
2000,fusion,18,0.7142857142857143,49
2000,fusion,19,0.8157894736842105,38
2000,fusion,20,0.5161290322580645,31
2000,fusion,21,0.782051282051282,78
2000,fusion,22,0.4827586206896552,29
2000,fusion,23,0.8125,32
2000,fusion,24,0.9166666666666666,96
2000,fusion,25,0.8269230769230769,52
2000,fusion,26,0.9594594594594594,74
2000,fusion,27,0.8507462686567164,67

2000,agent_0,0,1.0,89
2000,agent_0,1,1.0,93
2000,agent_0,2,1.0,76
2000,agent_0,3,0.9764705882352941,85
2000,agent_0,4,1.0,102
2000,agent_0,5,0.967032967032967,91
2000,agent_0,6,0.989010989010989,91
2000,agent_0,7,0.9797979797979798,99
2000,agent_0,8,1.0,81
2000,agent_0,9,0.9178082191780822,73
2000,agent_0,10,1.0,84
2000,agent_0,11,1.0,71
2000,agent_0,12,1.0,51
2000,agent_0,13,1.0,42
2000,agent_0,14,1.0,87
2000,agent_0,15,1.0,79
2000,agent_0,16,1.0,79
2000,agent_0,17,0.9634146341463414,82
2000,agent_0,18,0.9795918367346939,49
2000,agent_0,19,1.0,38
2000,agent_0,20,1.0,31
2000,agent_0,21,1.0,78
2000,agent_0,22,1.0,29
2000,agent_0,23,1.0,32
2000,agent_0,24,1.0,96
2000,agent_0,25,1.0,52
2000,agent_0,26,0.972972972972973,74
2000,agent_0,27,0.9850746268656716,67

2000,agent_1,0,0.9775280898876404,89
2000,agent_1,1,0.9139784946236559,93
2000,agent_1,2,0.868421052631579,76
2000,agent_1,3,0.4470588235294118,85
2000,agent_1,4,0.7941176470588235,102
2000,agent_1,5,0.9340659340659341,91
2000,agent_1,6,0.7032967032967034,91
2000,agent_1,7,0.8787878787878788,99
2000,agent_1,8,0.9506172839506173,81
2000,agent_1,9,0.8356164383561644,73
2000,agent_1,10,0.9642857142857143,84
2000,agent_1,11,0.5352112676056338,71
2000,agent_1,12,0.8823529411764706,51
2000,agent_1,13,0.8333333333333334,42
2000,agent_1,14,0.9425287356321839,87
2000,agent_1,15,1.0,79
2000,agent_1,16,0.9493670886075949,79
2000,agent_1,17,0.8048780487804879,82
2000,agent_1,18,0.8163265306122449,49
2000,agent_1,19,0.9473684210526315,38
2000,agent_1,20,0.6129032258064516,31
2000,agent_1,21,0.8717948717948718,78
2000,agent_1,22,0.7241379310344828,29
2000,agent_1,23,0.9375,32
2000,agent_1,24,0.9270833333333334,96
2000,agent_1,25,0.7692307692307693,52
2000,agent_1,26,0.9459459459459459,74
2000,agent_1,27,0.7761194029850746,67

2100,fusion,0,0.9010989010989011,91
2100,fusion,1,0.8494623655913979,93
2100,fusion,2,0.8928571428571429,84
2100,fusion,3,0.8764044943820225,89
2100,fusion,4,0.8653846153846154,104
2100,fusion,5,0.8315789473684211,95
2100,fusion,6,0.925531914893617,94
2100,fusion,7,0.9320388349514563,103
2100,fusion,8,0.8620689655172413,87
2100,fusion,9,0.7236842105263158,76
2100,fusion,10,0.8863636363636364,88
2100,fusion,11,0.704225352112676,71
2100,fusion,12,0.9464285714285714,56
2100,fusion,13,0.7346938775510204,49
2100,fusion,14,0.8617021276595744,94
2100,fusion,15,0.8928571428571429,84
2100,fusion,16,0.9047619047619048,84
2100,fusion,17,0.9186046511627907,86
2100,fusion,18,0.7142857142857143,49
2100,fusion,19,0.8333333333333334,42
2100,fusion,20,0.53125,32
2100,fusion,21,0.7901234567901234,81
2100,fusion,22,0.5,30
2100,fusion,23,0.8125,32
2100,fusion,24,0.9207920792079208,101
2100,fusion,25,0.8214285714285714,56
2100,fusion,26,0.9615384615384616,78
2100,fusion,27,0.8611111111111112,72

2100,agent_0,0,1.0,91
2100,agent_0,1,1.0,93
2100,agent_0,2,1.0,84
2100,agent_0,3,0.9775280898876404,89
2100,agent_0,4,1.0,104
2100,agent_0,5,0.968421052631579,95
2100,agent_0,6,0.9893617021276596,94
2100,agent_0,7,0.9805825242718447,103
2100,agent_0,8,1.0,87
2100,agent_0,9,0.9078947368421053,76
2100,agent_0,10,1.0,88
2100,agent_0,11,1.0,71
2100,agent_0,12,1.0,56
2100,agent_0,13,0.9795918367346939,49
2100,agent_0,14,0.9893617021276596,94
2100,agent_0,15,1.0,84
2100,agent_0,16,1.0,84
2100,agent_0,17,0.9651162790697675,86
2100,agent_0,18,0.9795918367346939,49
2100,agent_0,19,1.0,42
2100,agent_0,20,1.0,32
2100,agent_0,21,1.0,81
2100,agent_0,22,1.0,30
2100,agent_0,23,1.0,32
2100,agent_0,24,1.0,101
2100,agent_0,25,1.0,56
2100,agent_0,26,0.9743589743589743,78
2100,agent_0,27,0.9861111111111112,72

2100,agent_1,0,0.967032967032967,91
2100,agent_1,1,0.9139784946236559,93
2100,agent_1,2,0.8690476190476191,84
2100,agent_1,3,0.43820224719101125,89
2100,agent_1,4,0.7884615384615384,104
2100,agent_1,5,0.9368421052631579,95
2100,agent_1,6,0.7127659574468085,94
2100,agent_1,7,0.8737864077669902,103
2100,agent_1,8,0.9425287356321839,87
2100,agent_1,9,0.8289473684210527,76
2100,agent_1,10,0.9659090909090909,88
2100,agent_1,11,0.5352112676056338,71
2100,agent_1,12,0.875,56
2100,agent_1,13,0.8163265306122449,49
2100,agent_1,14,0.9148936170212766,94
2100,agent_1,15,1.0,84
2100,agent_1,16,0.9523809523809523,84
2100,agent_1,17,0.813953488372093,86
2100,agent_1,18,0.8163265306122449,49
2100,agent_1,19,0.9523809523809523,42
2100,agent_1,20,0.625,32
2100,agent_1,21,0.8518518518518519,81
2100,agent_1,22,0.7333333333333333,30
2100,agent_1,23,0.9375,32
2100,agent_1,24,0.9207920792079208,101
2100,agent_1,25,0.7678571428571429,56
2100,agent_1,26,0.9487179487179487,78
2100,agent_1,27,0.7916666666666666,72

2200,fusion,0,0.9021739130434783,92
2200,fusion,1,0.8541666666666666,96
2200,fusion,2,0.898876404494382,89
2200,fusion,3,0.8842105263157894,95
2200,fusion,4,0.8727272727272727,110
2200,fusion,5,0.8350515463917526,97
2200,fusion,6,0.9270833333333334,96
2200,fusion,7,0.9333333333333333,105
2200,fusion,8,0.8651685393258427,89
2200,fusion,9,0.7317073170731707,82
2200,fusion,10,0.8901098901098901,91
2200,fusion,11,0.72,75
2200,fusion,12,0.95,60
2200,fusion,13,0.7222222222222222,54
2200,fusion,14,0.8686868686868687,99
2200,fusion,15,0.898876404494382,89
2200,fusion,16,0.9069767441860465,86
2200,fusion,17,0.9222222222222223,90
2200,fusion,18,0.72,50
2200,fusion,19,0.8409090909090909,44
2200,fusion,20,0.53125,32
2200,fusion,21,0.8023255813953488,86
2200,fusion,22,0.5161290322580645,31
2200,fusion,23,0.8333333333333334,36
2200,fusion,24,0.9245283018867925,106
2200,fusion,25,0.8275862068965517,58
2200,fusion,26,0.9523809523809523,84
2200,fusion,27,0.8607594936708861,79

2200,agent_0,0,1.0,92
2200,agent_0,1,1.0,96
2200,agent_0,2,1.0,89
2200,agent_0,3,0.968421052631579,95
2200,agent_0,4,1.0,110
2200,agent_0,5,0.9690721649484536,97
2200,agent_0,6,0.9895833333333334,96
2200,agent_0,7,0.9809523809523809,105
2200,agent_0,8,1.0,89
2200,agent_0,9,0.9024390243902439,82
2200,agent_0,10,1.0,91
2200,agent_0,11,1.0,75
2200,agent_0,12,1.0,60
2200,agent_0,13,0.9814814814814815,54
2200,agent_0,14,0.98989898989899,99
2200,agent_0,15,1.0,89
2200,agent_0,16,1.0,86
2200,agent_0,17,0.9666666666666667,90
2200,agent_0,18,0.98,50
2200,agent_0,19,1.0,44
2200,agent_0,20,1.0,32
2200,agent_0,21,1.0,86
2200,agent_0,22,1.0,31
2200,agent_0,23,1.0,36
2200,agent_0,24,1.0,106
2200,agent_0,25,1.0,58
2200,agent_0,26,0.9642857142857143,84
2200,agent_0,27,0.9873417721518988,79

2200,agent_1,0,0.967391304347826,92
2200,agent_1,1,0.9166666666666666,96
2200,agent_1,2,0.8764044943820225,89
2200,agent_1,3,0.4421052631578947,95
2200,agent_1,4,0.7909090909090909,110
2200,agent_1,5,0.9381443298969072,97
2200,agent_1,6,0.71875,96
2200,agent_1,7,0.8761904761904762,105
2200,agent_1,8,0.9438202247191011,89
2200,agent_1,9,0.8292682926829268,82
2200,agent_1,10,0.967032967032967,91
2200,agent_1,11,0.56,75
2200,agent_1,12,0.8833333333333333,60
2200,agent_1,13,0.7962962962962963,54
2200,agent_1,14,0.9191919191919192,99
2200,agent_1,15,1.0,89
2200,agent_1,16,0.9534883720930233,86
2200,agent_1,17,0.8222222222222222,90
2200,agent_1,18,0.8,50
2200,agent_1,19,0.9545454545454546,44
2200,agent_1,20,0.625,32
2200,agent_1,21,0.8604651162790697,86
2200,agent_1,22,0.7419354838709677,31
2200,agent_1,23,0.9444444444444444,36
2200,agent_1,24,0.9245283018867925,106
2200,agent_1,25,0.7758620689655172,58
2200,agent_1,26,0.9285714285714286,84
2200,agent_1,27,0.7848101265822784,79

2300,fusion,0,0.9072164948453608,97
2300,fusion,1,0.86,100
2300,fusion,2,0.9010989010989011,91
2300,fusion,3,0.88,100
2300,fusion,4,0.875,112
2300,fusion,5,0.8476190476190476,105
2300,fusion,6,0.9285714285714286,98
2300,fusion,7,0.926605504587156,109
2300,fusion,8,0.8681318681318682,91
2300,fusion,9,0.7411764705882353,85
2300,fusion,10,0.8947368421052632,95
2300,fusion,11,0.7215189873417721,79
2300,fusion,12,0.9516129032258065,62
2300,fusion,13,0.7272727272727273,55
2300,fusion,14,0.875,104
2300,fusion,15,0.9052631578947369,95
2300,fusion,16,0.9120879120879121,91
2300,fusion,17,0.9081632653061225,98
2300,fusion,18,0.7358490566037735,53
2300,fusion,19,0.851063829787234,47
2300,fusion,20,0.5454545454545454,33
2300,fusion,21,0.8089887640449438,89
2300,fusion,22,0.5454545454545454,33
2300,fusion,23,0.8461538461538461,39
2300,fusion,24,0.9259259259259259,108
2300,fusion,25,0.8360655737704918,61
2300,fusion,26,0.9540229885057471,87
2300,fusion,27,0.8690476190476191,84

2300,agent_0,0,1.0,97
2300,agent_0,1,1.0,100
2300,agent_0,2,1.0,91
2300,agent_0,3,0.97,100
2300,agent_0,4,1.0,112
2300,agent_0,5,0.9714285714285714,105
2300,agent_0,6,0.9897959183673469,98
2300,agent_0,7,0.981651376146789,109
2300,agent_0,8,1.0,91
2300,agent_0,9,0.8941176470588236,85
2300,agent_0,10,1.0,95
2300,agent_0,11,1.0,79
2300,agent_0,12,1.0,62
2300,agent_0,13,0.9818181818181818,55
2300,agent_0,14,0.9903846153846154,104
2300,agent_0,15,1.0,95
2300,agent_0,16,1.0,91
2300,agent_0,17,0.9693877551020408,98
2300,agent_0,18,0.9811320754716981,53
2300,agent_0,19,1.0,47
2300,agent_0,20,1.0,33
2300,agent_0,21,1.0,89
2300,agent_0,22,1.0,33
2300,agent_0,23,1.0,39
2300,agent_0,24,1.0,108
2300,agent_0,25,1.0,61
2300,agent_0,26,0.9655172413793104,87
2300,agent_0,27,0.9880952380952381,84

2300,agent_1,0,0.9690721649484536,97
2300,agent_1,1,0.92,100
2300,agent_1,2,0.8791208791208791,91
2300,agent_1,3,0.45,100
2300,agent_1,4,0.7857142857142857,112
2300,agent_1,5,0.9428571428571428,105
2300,agent_1,6,0.7142857142857143,98
2300,agent_1,7,0.8623853211009175,109
2300,agent_1,8,0.945054945054945,91
2300,agent_1,9,0.8352941176470589,85
2300,agent_1,10,0.968421052631579,95
2300,agent_1,11,0.569620253164557,79
2300,agent_1,12,0.8870967741935484,62
2300,agent_1,13,0.8,55
2300,agent_1,14,0.9230769230769231,104
2300,agent_1,15,1.0,95
2300,agent_1,16,0.9560439560439561,91
2300,agent_1,17,0.8061224489795918,98
2300,agent_1,18,0.7924528301886793,53
2300,agent_1,19,0.9361702127659575,47
2300,agent_1,20,0.6363636363636364,33
2300,agent_1,21,0.8651685393258427,89
2300,agent_1,22,0.7575757575757576,33
2300,agent_1,23,0.9487179487179487,39
2300,agent_1,24,0.9259259259259259,108
2300,agent_1,25,0.7868852459016393,61
2300,agent_1,26,0.9310344827586207,87
2300,agent_1,27,0.7976190476190477,84

2400,fusion,0,0.9108910891089109,101
2400,fusion,1,0.8571428571428571,105
2400,fusion,2,0.9081632653061225,98
2400,fusion,3,0.8846153846153846,104
2400,fusion,4,0.8793103448275862,116
2400,fusion,5,0.8545454545454545,110
2400,fusion,6,0.9326923076923077,104
2400,fusion,7,0.9292035398230089,113
2400,fusion,8,0.8723404255319149,94
2400,fusion,9,0.7471264367816092,87
2400,fusion,10,0.898989898989899,99
2400,fusion,11,0.7283950617283951,81
2400,fusion,12,0.953125,64
2400,fusion,13,0.7288135593220338,59
2400,fusion,14,0.8818181818181818,110
2400,fusion,15,0.9090909090909091,99
2400,fusion,16,0.9183673469387755,98
2400,fusion,17,0.9108910891089109,101
2400,fusion,18,0.7454545454545455,55
2400,fusion,19,0.86,50
2400,fusion,20,0.5454545454545454,33
2400,fusion,21,0.8172043010752689,93
2400,fusion,22,0.5588235294117647,34
2400,fusion,23,0.8536585365853658,41
2400,fusion,24,0.9298245614035088,114
2400,fusion,25,0.8412698412698413,63
2400,fusion,26,0.9550561797752809,89
2400,fusion,27,0.8604651162790697,86

2400,agent_0,0,1.0,101
2400,agent_0,1,1.0,105
2400,agent_0,2,1.0,98
2400,agent_0,3,0.9711538461538461,104
2400,agent_0,4,1.0,116
2400,agent_0,5,0.9727272727272728,110
2400,agent_0,6,0.9903846153846154,104
2400,agent_0,7,0.9823008849557522,113
2400,agent_0,8,1.0,94
2400,agent_0,9,0.8850574712643678,87
2400,agent_0,10,1.0,99
2400,agent_0,11,1.0,81
2400,agent_0,12,1.0,64
2400,agent_0,13,0.9830508474576272,59
2400,agent_0,14,0.990909090909091,110
2400,agent_0,15,1.0,99
2400,agent_0,16,1.0,98
2400,agent_0,17,0.9702970297029703,101
2400,agent_0,18,0.9818181818181818,55
2400,agent_0,19,1.0,50
2400,agent_0,20,1.0,33
2400,agent_0,21,1.0,93
2400,agent_0,22,1.0,34
2400,agent_0,23,1.0,41
2400,agent_0,24,1.0,114
2400,agent_0,25,1.0,63
2400,agent_0,26,0.9662921348314607,89
2400,agent_0,27,0.9883720930232558,86

2400,agent_1,0,0.9702970297029703,101
2400,agent_1,1,0.9142857142857143,105
2400,agent_1,2,0.8775510204081632,98
2400,agent_1,3,0.46153846153846156,104
2400,agent_1,4,0.7931034482758621,116
2400,agent_1,5,0.9454545454545454,110
2400,agent_1,6,0.7115384615384616,104
2400,agent_1,7,0.8672566371681416,113
2400,agent_1,8,0.9361702127659575,94
2400,agent_1,9,0.8275862068965517,87
2400,agent_1,10,0.9595959595959596,99
2400,agent_1,11,0.5555555555555556,81
2400,agent_1,12,0.890625,64
2400,agent_1,13,0.7796610169491526,59
2400,agent_1,14,0.9272727272727272,110
2400,agent_1,15,1.0,99
2400,agent_1,16,0.9591836734693877,98
2400,agent_1,17,0.801980198019802,101
2400,agent_1,18,0.8,55
2400,agent_1,19,0.92,50
2400,agent_1,20,0.6363636363636364,33
2400,agent_1,21,0.8602150537634409,93
2400,agent_1,22,0.7352941176470589,34
2400,agent_1,23,0.9512195121951219,41
2400,agent_1,24,0.9210526315789473,114
2400,agent_1,25,0.7936507936507936,63
2400,agent_1,26,0.9325842696629213,89
2400,agent_1,27,0.7906976744186046,86

